Zeit t / s;Spannung U_A1 / V;Zeit t / s;U_mean UM / arb.u;Phi &j / arb.u.;
0;-0,00999999999999979;0,025;-0,0174;-0,87;
0,002;-0,02;0,075;-0,0194;-0,970000000000001;
0,004;-0,0150000000000001;0,125;-0,0182;-0,91;
0,006;-0,0150000000000001;0,175;-0,0188000000000001;-0,940000000000004;
0,008;-0,0150000000000001;0,225;-0,0176;-0,879999999999999;
0,01;-0,0150000000000001;0,275;-0,0196;-0,980000000000001;
0,012;-0,02;0,325;-0,0294000000000001;-1,47;
0,014;-0,0150000000000001;0,375;-0,0598;-2,99;
0,016;-0,0249999999999999;0,425;-0,1064;-5,32;
0,018;-0,02;0,475;-0,187;-9,35;
0,02;-0,0249999999999999;0,525;-0,2938;-14,69;
0,022;-0,02;0,575;-0,4158;-20,79;
0,024;-0,0150000000000001;0,625;-0,536;-26,8;
0,026;-0,0150000000000001;0,675;-0,6456;-32,28;
0,028;-0,0150000000000001;0,725;-0,7468;-37,34;
0,03;-0,0249999999999999;0,775;-0,8516;-42,58;
0,032;-0,02;0,825;-0,958;-47,9;
0,034;-0,00999999999999979;0,875;-1,0628;-53,14;
0,036;-0,0249999999999999;0,925;-1,1418;-57,09;
0,038;-0,02;0,975;-1,1728;-58,64;
0,04;-0,02;1,025;-1,1596;-57,98;
0,042;-0,0150000000000001;1,075;-1,1468;-57,34;
0,044;-0,02;1,125;-1,1556;-57,78;
0,046;-0,00999999999999979;1,175;-1,1776;-58,88;
0,048;-0,00999999999999979;1,225;-1,1874;-59,37;
0,05;-0,02;1,275;-1,1946;-59,73;
0,052;-0,02;1,325;-1,198;-59,9;
0,054;-0,02;1,375;-1,2008;-60,04;
0,056;-0,0249999999999999;1,425;-1,2052;-60,26;
0,058;-0,02;1,475;-1,2102;-60,51;
0,06;-0,02;1,525;-1,2128;-60,64;
0,062;-0,0150000000000001;1,575;-1,2142;-60,71;
0,064;-0,0249999999999999;1,625;-1,2134;-60,67;
0,066;-0,00999999999999979;1,675;-1,2164;-60,82;
0,068;-0,00999999999999979;1,725;-1,2204;-61,02;
0,07;-0,02;1,775;-1,226;-61,3;
0,072;-0,0150000000000001;1,825;-1,229;-61,45;
0,074;-0,02;1,875;-1,2316;-61,58;
0,076;-0,0249999999999999;1,925;-1,2306;-61,53;
0,078;-0,0300000000000002;1,975;-1,219;-60,95;
0,08;-0,02;2,025;-1,1828;-59,14;
0,082;-0,0150000000000001;2,075;-1,1284;-56,42;
0,084;-0,02;2,125;-1,0558;-52,79;
0,086;-0,0150000000000001;2,175;-0,9722;-48,61;
0,088;-0,0150000000000001;2,225;-0,882;-44,1;
0,09;-0,0150000000000001;2,275;-0,7896;-39,48;
0,092;-0,0150000000000001;2,325;-0,697;-34,85;
0,094;-0,0249999999999999;2,375;-0,6056;-30,28;
0,096;-0,0249999999999999;2,425;-0,517;-25,85;
0,098;-0,0249999999999999;2,475;-0,4342;-21,71;
0,1;-0,02;2,525;-0,3564;-17,82;
0,102;-0,00999999999999979;2,575;-0,285;-14,25;
0,104;-0,02;2,625;-0,2204;-11,02;
0,106;-0,00999999999999979;2,675;-0,1624;-8,12;
0,108;-0,02;2,725;-0,111;-5,55;
0,11;-0,02;2,775;-0,0714000000000001;-3,57;
0,112;-0,0249999999999999;2,825;-0,0354;-1,77;
0,114;-0,02;2,875;-0,00719999999999997;-0,359999999999999;
0,116;-0,02;2,925;0,0156;0,779999999999998;
0,118;-0,0249999999999999;2,975;0,0330000000000001;1,65000000000001;
0,12;-0,0150000000000001;3,025;0,0468;2,34;
0,122;-0,02;3,075;0,0552;2,76;
0,124;-0,02;3,125;0,0608;3,04;
0,126;-0,00999999999999979;3,175;0,0630000000000001;3,15;
0,128;-0,0150000000000001;3,225;0,0656000000000001;3,28;
0,13;-0,0150000000000001;3,275;0,0644000000000001;3,22;
0,132;-0,0249999999999999;3,325;0,0640000000000001;3,2;
0,134;-0,02;3,375;0,0598000000000001;2,99;
0,136;-0,02;3,425;0,056;2,8;
0,138;-0,0249999999999999;3,475;0,0502;2,51;
0,14;-0,0150000000000001;3,525;0,0453999999999999;2,27;
0,142;-0,02;3,575;0,0396;1,98;
0,144;-0,0150000000000001;3,625;0,0334000000000001;1,67000000000001;
0,146;-0,0150000000000001;3,675;0,0284000000000001;1,42000000000001;
0,148;-0,0150000000000001;3,725;0,0236;1,18;
0,15;-0,0150000000000001;3,775;0,017;0,850000000000001;
0,152;-0,02;3,825;0,0134;0,669999999999998;
0,154;-0,0150000000000001;3,875;0,00759999999999991;0,379999999999995;
0,156;-0,0300000000000002;3,925;0,00519999999999992;0,259999999999996;
0,158;-0,0249999999999999;3,975;0,00119999999999997;0,0599999999999987;
0,16;-0,0150000000000001;4,025;-0,00199999999999996;-0,0999999999999979;
0,162;-0,02;4,075;-0,00499999999999989;-0,249999999999995;
0,164;-0,0150000000000001;4,125;-0,00679999999999989;-0,339999999999995;
0,166;-0,0150000000000001;4,175;-0,00919999999999993;-0,459999999999996;
0,168;-0,0150000000000001;4,225;-0,0111999999999999;-0,559999999999996;
0,17;-0,0150000000000001;4,275;-0,0136;-0,679999999999999;
0,172;-0,02;4,325;-0,0138;-0,689999999999999;
0,174;-0,0150000000000001;4,375;-0,0154;-0,770000000000001;
0,176;-0,0300000000000002;4,425;-0,0148;-0,740000000000001;
0,178;-0,0249999999999999;4,475;-0,0157999999999999;-0,789999999999997;
0,18;-0,00999999999999979;4,525;-0,0168;-0,839999999999999;
0,182;-0,02;4,575;-0,0172;-0,860000000000001;
0,184;-0,0150000000000001;4,625;-0,0168;-0,840000000000002;
0,186;-0,0150000000000001;4,675;-0,0184;-0,919999999999999;
0,188;-0,0150000000000001;4,725;-0,0168000000000001;-0,840000000000003;
0,19;-0,02;4,775;-0,0174;-0,87;
0,192;-0,02;4,825;-0,0172;-0,859999999999999;
0,194;-0,0150000000000001;4,875;-0,0172;-0,860000000000001;
0,196;-0,0300000000000002;4,925;-0,0166;-0,830000000000001;
0,198;-0,02;4,975;-0,0178;-0,890000000000001;
0,2;-0,02;5,025;-0,0164;-0,820000000000002;
0,202;-0,0150000000000001;5,075;-0,0168;-0,839999999999999;
0,204;-0,00999999999999979;5,125;-0,0168;-0,840000000000001;
0,206;-0,0150000000000001;5,175;-0,0174000000000001;-0,870000000000003;
0,208;-0,00999999999999979;5,225;-0,0164;-0,819999999999999;
0,21;-0,02;5,275;-0,017;-0,850000000000001;
0,212;-0,02;5,325;-0,0168;-0,840000000000002;
0,214;-0,0150000000000001;5,375;-0,018;-0,899999999999999;
0,216;-0,0249999999999999;5,425;-0,0176000000000001;-0,880000000000004;
0,218;-0,02;5,475;-0,0172;-0,86;
0,22;-0,02;5,525;-0,0176;-0,88;
0,222;-0,02;5,575;-0,0172000000000001;-0,860000000000003;
0,224;-0,02;5,625;-0,0168;-0,840000000000002;
0,226;-0,0150000000000001;5,675;-0,0176;-0,88;
0,228;-0,00999999999999979;5,725;-0,0166;-0,830000000000001;
0,23;-0,0249999999999999;5,775;-0,0174;-0,87;
0,232;-0,02;5,825;-0,0166;-0,83;
0,234;-0,02;5,875;-0,0178000000000001;-0,890000000000004;
0,236;-0,0249999999999999;5,925;-0,0168;-0,840000000000001;
0,238;-0,02;5,975;-0,0174;-0,869999999999999;
0,24;-0,02;6,025;-0,0168000000000001;-0,840000000000003;
0,242;-0,0150000000000001;6,075;-0,0176;-0,879999999999999;
0,244;-0,02;6,125;-0,0168;-0,840000000000002;
0,246;-0,00999999999999979;6,175;-0,0172;-0,859999999999999;
0,248;-0,00999999999999979;6,225;-0,0166;-0,829999999999999;
0,25;-0,02;6,275;-0,0176000000000001;-0,880000000000002;
0,252;-0,0150000000000001;6,325;-0,0172;-0,860000000000001;
0,254;-0,0249999999999999;6,375;-0,0176;-0,880000000000001;
0,256;-0,0249999999999999;6,425;-0,0158;-0,789999999999998;
0,258;-0,02;6,475;-0,0178;-0,890000000000001;
0,26;-0,02;6,525;-0,0168;-0,840000000000001;
0,262;-0,0150000000000001;6,575;-0,0176;-0,880000000000002;
0,264;-0,02;6,625;-0,0168;-0,839999999999999;
0,266;-0,00999999999999979;6,675;-0,0176000000000001;-0,880000000000004;
0,268;-0,0150000000000001;6,725;-0,0172;-0,86;
0,27;-0,02;6,775;-0,0172;-0,860000000000001;
0,272;-0,0150000000000001;6,825;-0,0162;-0,81;
0,274;-0,02;6,875;-0,018;-0,899999999999999;
0,276;-0,0249999999999999;6,925;-0,017;-0,850000000000001;
0,278;-0,0249999999999999;6,975;-0,0178000000000001;-0,890000000000003;
0,28;-0,02;;;;
0,282;-0,0150000000000001;;;;
0,284;-0,02;;;;
0,286;-0,00999999999999979;;;;
0,288;-0,02;;;;
0,29;-0,0150000000000001;;;;
0,292;-0,0249999999999999;;;;
0,294;-0,02;;;;
0,296;-0,0249999999999999;;;;
0,298;-0,0300000000000002;;;;
0,3;-0,02;;;;
0,302;-0,0249999999999999;;;;
0,304;-0,02;;;;
0,306;-0,00999999999999979;;;;
0,308;-0,02;;;;
0,31;-0,0249999999999999;;;;
0,312;-0,0249999999999999;;;;
0,314;-0,0249999999999999;;;;
0,316;-0,0249999999999999;;;;
0,318;-0,0300000000000002;;;;
0,32;-0,0249999999999999;;;;
0,322;-0,0300000000000002;;;;
0,324;-0,0300000000000002;;;;
0,326;-0,0300000000000002;;;;
0,328;-0,0300000000000002;;;;
0,33;-0,0300000000000002;;;;
0,332;-0,0350000000000001;;;;
0,334;-0,0350000000000001;;;;
0,336;-0,0449999999999999;;;;
0,338;-0,04;;;;
0,34;-0,0300000000000002;;;;
0,342;-0,04;;;;
0,344;-0,0350000000000001;;;;
0,346;-0,04;;;;
0,348;-0,0350000000000001;;;;
0,35;-0,0449999999999999;;;;
0,352;-0,0449999999999999;;;;
0,354;-0,04;;;;
0,356;-0,0550000000000002;;;;
0,358;-0,0499999999999998;;;;
0,36;-0,0550000000000002;;;;
0,362;-0,0499999999999998;;;;
0,364;-0,0449999999999999;;;;
0,366;-0,0499999999999998;;;;
0,368;-0,0499999999999998;;;;
0,37;-0,0600000000000001;;;;
0,372;-0,0550000000000002;;;;
0,374;-0,0499999999999998;;;;
0,376;-0,0700000000000003;;;;
0,378;-0,0600000000000001;;;;
0,38;-0,0700000000000003;;;;
0,382;-0,0649999999999999;;;;
0,384;-0,0700000000000003;;;;
0,386;-0,0649999999999999;;;;
0,388;-0,0600000000000001;;;;
0,39;-0,0750000000000002;;;;
0,392;-0,0700000000000003;;;;
0,394;-0,0800000000000001;;;;
0,396;-0,085;;;;
0,398;-0,0750000000000002;;;;
0,4;-0,085;;;;
0,402;-0,0800000000000001;;;;
0,404;-0,085;;;;
0,406;-0,0800000000000001;;;;
0,408;-0,0800000000000001;;;;
0,41;-0,0899999999999999;;;;
0,412;-0,0899999999999999;;;;
0,414;-0,0950000000000002;;;;
0,416;-0,1;;;;
0,418;-0,105;;;;
0,42;-0,1;;;;
0,422;-0,1;;;;
0,424;-0,105;;;;
0,426;-0,1;;;;
0,428;-0,105;;;;
0,43;-0,115;;;;
0,432;-0,11;;;;
0,434;-0,12;;;;
0,436;-0,125;;;;
0,438;-0,13;;;;
0,44;-0,13;;;;
0,442;-0,125;;;;
0,444;-0,135;;;;
0,446;-0,13;;;;
0,448;-0,14;;;;
0,45;-0,145;;;;
0,452;-0,14;;;;
0,454;-0,15;;;;
0,456;-0,155;;;;
0,458;-0,165;;;;
0,46;-0,16;;;;
0,462;-0,165;;;;
0,464;-0,17;;;;
0,466;-0,16;;;;
0,468;-0,175;;;;
0,47;-0,175;;;;
0,472;-0,185;;;;
0,474;-0,185;;;;
0,476;-0,19;;;;
0,478;-0,2;;;;
0,48;-0,195;;;;
0,482;-0,205;;;;
0,484;-0,205;;;;
0,486;-0,195;;;;
0,488;-0,21;;;;
0,49;-0,215;;;;
0,492;-0,225;;;;
0,494;-0,225;;;;
0,496;-0,24;;;;
0,498;-0,24;;;;
0,5;-0,235;;;;
0,502;-0,245;;;;
0,504;-0,245;;;;
0,506;-0,25;;;;
0,508;-0,255;;;;
0,51;-0,255;;;;
0,512;-0,27;;;;
0,514;-0,27;;;;
0,516;-0,285;;;;
0,518;-0,285;;;;
0,52;-0,28;;;;
0,522;-0,29;;;;
0,524;-0,29;;;;
0,526;-0,295;;;;
0,528;-0,3;;;;
0,53;-0,305;;;;
0,532;-0,315;;;;
0,534;-0,315;;;;
0,536;-0,33;;;;
0,538;-0,33;;;;
0,54;-0,335;;;;
0,542;-0,34;;;;
0,544;-0,335;;;;
0,546;-0,345;;;;
0,548;-0,345;;;;
0,55;-0,36;;;;
0,552;-0,365;;;;
0,554;-0,365;;;;
0,556;-0,38;;;;
0,558;-0,38;;;;
0,56;-0,385;;;;
0,562;-0,39;;;;
0,564;-0,385;;;;
0,566;-0,39;;;;
0,568;-0,395;;;;
0,57;-0,405;;;;
0,572;-0,41;;;;
0,574;-0,42;;;;
0,576;-0,425;;;;
0,578;-0,425;;;;
0,58;-0,43;;;;
0,582;-0,43;;;;
0,584;-0,44;;;;
0,586;-0,44;;;;
0,588;-0,44;;;;
0,59;-0,46;;;;
0,592;-0,46;;;;
0,594;-0,465;;;;
0,596;-0,475;;;;
0,598;-0,475;;;;
0,6;-0,48;;;;
0,602;-0,48;;;;
0,604;-0,49;;;;
0,606;-0,49;;;;
0,608;-0,495;;;;
0,61;-0,505;;;;
0,612;-0,505;;;;
0,614;-0,515;;;;
0,616;-0,52;;;;
0,618;-0,53;;;;
0,62;-0,53;;;;
0,622;-0,53;;;;
0,624;-0,54;;;;
0,626;-0,535;;;;
0,628;-0,545;;;;
0,63;-0,55;;;;
0,632;-0,555;;;;
0,634;-0,56;;;;
0,636;-0,57;;;;
0,638;-0,575;;;;
0,64;-0,575;;;;
0,642;-0,575;;;;
0,644;-0,585;;;;
0,646;-0,575;;;;
0,648;-0,59;;;;
0,65;-0,595;;;;
0,652;-0,6;;;;
0,654;-0,605;;;;
0,656;-0,61;;;;
0,658;-0,62;;;;
0,66;-0,615;;;;
0,662;-0,62;;;;
0,664;-0,625;;;;
0,666;-0,62;;;;
0,668;-0,63;;;;
0,67;-0,635;;;;
0,672;-0,645;;;;
0,674;-0,645;;;;
0,676;-0,66;;;;
0,678;-0,66;;;;
0,68;-0,655;;;;
0,682;-0,665;;;;
0,684;-0,665;;;;
0,686;-0,665;;;;
0,688;-0,675;;;;
0,69;-0,67;;;;
0,692;-0,68;;;;
0,694;-0,685;;;;
0,696;-0,7;;;;
0,698;-0,695;;;;
0,7;-0,7;;;;
0,702;-0,705;;;;
0,704;-0,705;;;;
0,706;-0,705;;;;
0,708;-0,71;;;;
0,71;-0,725;;;;
0,712;-0,72;;;;
0,714;-0,72;;;;
0,716;-0,74;;;;
0,718;-0,735;;;;
0,72;-0,74;;;;
0,722;-0,74;;;;
0,724;-0,75;;;;
0,726;-0,745;;;;
0,728;-0,75;;;;
0,73;-0,76;;;;
0,732;-0,765;;;;
0,734;-0,77;;;;
0,736;-0,775;;;;
0,738;-0,775;;;;
0,74;-0,785;;;;
0,742;-0,78;;;;
0,744;-0,79;;;;
0,746;-0,785;;;;
0,748;-0,795;;;;
0,75;-0,8;;;;
0,752;-0,805;;;;
0,754;-0,81;;;;
0,756;-0,82;;;;
0,758;-0,825;;;;
0,76;-0,825;;;;
0,762;-0,82;;;;
0,764;-0,83;;;;
0,766;-0,825;;;;
0,768;-0,84;;;;
0,77;-0,84;;;;
0,772;-0,845;;;;
0,774;-0,85;;;;
0,776;-0,86;;;;
0,778;-0,865;;;;
0,78;-0,865;;;;
0,782;-0,865;;;;
0,784;-0,87;;;;
0,786;-0,865;;;;
0,788;-0,88;;;;
0,79;-0,885;;;;
0,792;-0,895;;;;
0,794;-0,895;;;;
0,796;-0,9;;;;
0,798;-0,91;;;;
0,8;-0,905;;;;
0,802;-0,91;;;;
0,804;-0,915;;;;
0,806;-0,91;;;;
0,808;-0,92;;;;
0,81;-0,93;;;;
0,812;-0,935;;;;
0,814;-0,935;;;;
0,816;-0,94;;;;
0,818;-0,95;;;;
0,82;-0,945;;;;
0,822;-0,955;;;;
0,824;-0,96;;;;
0,826;-0,96;;;;
0,828;-0,965;;;;
0,83;-0,97;;;;
0,832;-0,98;;;;
0,834;-0,975;;;;
0,836;-0,995;;;;
0,838;-0,995;;;;
0,84;-0,99;;;;
0,842;-1;;;;
0,844;-1;;;;
0,846;-1;;;;
0,848;-1,01;;;;
0,85;-1,01;;;;
0,852;-1,02;;;;
0,854;-1,02;;;;
0,856;-1,035;;;;
0,858;-1,035;;;;
0,86;-1,03;;;;
0,862;-1,04;;;;
0,864;-1,04;;;;
0,866;-1,045;;;;
0,868;-1,05;;;;
0,87;-1,06;;;;
0,872;-1,06;;;;
0,874;-1,06;;;;
0,876;-1,075;;;;
0,878;-1,075;;;;
0,88;-1,08;;;;
0,882;-1,08;;;;
0,884;-1,08;;;;
0,886;-1,08;;;;
0,888;-1,085;;;;
0,89;-1,095;;;;
0,892;-1,095;;;;
0,894;-1,1;;;;
0,896;-1,11;;;;
0,898;-1,11;;;;
0,9;-1,11;;;;
0,902;-1,11;;;;
0,904;-1,115;;;;
0,906;-1,115;;;;
0,908;-1,12;;;;
0,91;-1,125;;;;
0,912;-1,13;;;;
0,914;-1,135;;;;
0,916;-1,14;;;;
0,918;-1,14;;;;
0,92;-1,14;;;;
0,922;-1,14;;;;
0,924;-1,145;;;;
0,926;-1,14;;;;
0,928;-1,14;;;;
0,93;-1,15;;;;
0,932;-1,155;;;;
0,934;-1,16;;;;
0,936;-1,16;;;;
0,938;-1,16;;;;
0,94;-1,165;;;;
0,942;-1,16;;;;
0,944;-1,165;;;;
0,946;-1,16;;;;
0,948;-1,165;;;;
0,95;-1,165;;;;
0,952;-1,17;;;;
0,954;-1,17;;;;
0,956;-1,175;;;;
0,958;-1,175;;;;
0,96;-1,17;;;;
0,962;-1,17;;;;
0,964;-1,175;;;;
0,966;-1,165;;;;
0,968;-1,17;;;;
0,97;-1,175;;;;
0,972;-1,17;;;;
0,974;-1,175;;;;
0,976;-1,18;;;;
0,978;-1,18;;;;
0,98;-1,175;;;;
0,982;-1,17;;;;
0,984;-1,175;;;;
0,986;-1,165;;;;
0,988;-1,175;;;;
0,99;-1,175;;;;
0,992;-1,175;;;;
0,994;-1,175;;;;
0,996;-1,175;;;;
0,998;-1,175;;;;
1;-1,17;;;;
1,002;-1,17;;;;
1,004;-1,17;;;;
1,006;-1,16;;;;
1,008;-1,165;;;;
1,01;-1,165;;;;
1,012;-1,17;;;;
1,014;-1,165;;;;
1,016;-1,17;;;;
1,018;-1,17;;;;
1,02;-1,16;;;;
1,022;-1,16;;;;
1,024;-1,155;;;;
1,026;-1,155;;;;
1,028;-1,155;;;;
1,03;-1,155;;;;
1,032;-1,155;;;;
1,034;-1,155;;;;
1,036;-1,165;;;;
1,038;-1,16;;;;
1,04;-1,15;;;;
1,042;-1,15;;;;
1,044;-1,15;;;;
1,046;-1,145;;;;
1,048;-1,145;;;;
1,05;-1,155;;;;
1,052;-1,15;;;;
1,054;-1,15;;;;
1,056;-1,155;;;;
1,058;-1,15;;;;
1,06;-1,15;;;;
1,062;-1,145;;;;
1,064;-1,14;;;;
1,066;-1,14;;;;
1,068;-1,14;;;;
1,07;-1,15;;;;
1,072;-1,145;;;;
1,074;-1,145;;;;
1,076;-1,15;;;;
1,078;-1,15;;;;
1,08;-1,145;;;;
1,082;-1,145;;;;
1,084;-1,15;;;;
1,086;-1,14;;;;
1,088;-1,14;;;;
1,09;-1,15;;;;
1,092;-1,145;;;;
1,094;-1,145;;;;
1,096;-1,15;;;;
1,098;-1,145;;;;
1,1;-1,15;;;;
1,102;-1,145;;;;
1,104;-1,15;;;;
1,106;-1,14;;;;
1,108;-1,14;;;;
1,11;-1,15;;;;
1,112;-1,15;;;;
1,114;-1,155;;;;
1,116;-1,16;;;;
1,118;-1,155;;;;
1,12;-1,155;;;;
1,122;-1,155;;;;
1,124;-1,155;;;;
1,126;-1,15;;;;
1,128;-1,155;;;;
1,13;-1,16;;;;
1,132;-1,155;;;;
1,134;-1,16;;;;
1,136;-1,165;;;;
1,138;-1,17;;;;
1,14;-1,165;;;;
1,142;-1,16;;;;
1,144;-1,165;;;;
1,146;-1,16;;;;
1,148;-1,165;;;;
1,15;-1,17;;;;
1,152;-1,17;;;;
1,154;-1,175;;;;
1,156;-1,175;;;;
1,158;-1,175;;;;
1,16;-1,17;;;;
1,162;-1,175;;;;
1,164;-1,175;;;;
1,166;-1,165;;;;
1,168;-1,175;;;;
1,17;-1,175;;;;
1,172;-1,18;;;;
1,174;-1,18;;;;
1,176;-1,185;;;;
1,178;-1,185;;;;
1,18;-1,18;;;;
1,182;-1,18;;;;
1,184;-1,18;;;;
1,186;-1,17;;;;
1,188;-1,18;;;;
1,19;-1,18;;;;
1,192;-1,185;;;;
1,194;-1,18;;;;
1,196;-1,19;;;;
1,198;-1,185;;;;
1,2;-1,18;;;;
1,202;-1,185;;;;
1,204;-1,185;;;;
1,206;-1,18;;;;
1,208;-1,18;;;;
1,21;-1,185;;;;
1,212;-1,19;;;;
1,214;-1,185;;;;
1,216;-1,195;;;;
1,218;-1,19;;;;
1,22;-1,185;;;;
1,222;-1,19;;;;
1,224;-1,185;;;;
1,226;-1,185;;;;
1,228;-1,185;;;;
1,23;-1,185;;;;
1,232;-1,19;;;;
1,234;-1,185;;;;
1,236;-1,195;;;;
1,238;-1,195;;;;
1,24;-1,195;;;;
1,242;-1,19;;;;
1,244;-1,19;;;;
1,246;-1,185;;;;
1,248;-1,19;;;;
1,25;-1,19;;;;
1,252;-1,195;;;;
1,254;-1,19;;;;
1,256;-1,2;;;;
1,258;-1,195;;;;
1,26;-1,195;;;;
1,262;-1,19;;;;
1,264;-1,19;;;;
1,266;-1,185;;;;
1,268;-1,19;;;;
1,27;-1,195;;;;
1,272;-1,195;;;;
1,274;-1,195;;;;
1,276;-1,2;;;;
1,278;-1,195;;;;
1,28;-1,2;;;;
1,282;-1,195;;;;
1,284;-1,195;;;;
1,286;-1,19;;;;
1,288;-1,19;;;;
1,29;-1,2;;;;
1,292;-1,195;;;;
1,294;-1,2;;;;
1,296;-1,205;;;;
1,298;-1,195;;;;
1,3;-1,2;;;;
1,302;-1,195;;;;
1,304;-1,2;;;;
1,306;-1,19;;;;
1,308;-1,195;;;;
1,31;-1,195;;;;
1,312;-1,195;;;;
1,314;-1,2;;;;
1,316;-1,205;;;;
1,318;-1,205;;;;
1,32;-1,2;;;;
1,322;-1,195;;;;
1,324;-1,2;;;;
1,326;-1,19;;;;
1,328;-1,195;;;;
1,33;-1,2;;;;
1,332;-1,2;;;;
1,334;-1,2;;;;
1,336;-1,205;;;;
1,338;-1,205;;;;
1,34;-1,2;;;;
1,342;-1,2;;;;
1,344;-1,195;;;;
1,346;-1,19;;;;
1,348;-1,195;;;;
1,35;-1,2;;;;
1,352;-1,2;;;;
1,354;-1,2;;;;
1,356;-1,2;;;;
1,358;-1,205;;;;
1,36;-1,195;;;;
1,362;-1,2;;;;
1,364;-1,2;;;;
1,366;-1,2;;;;
1,368;-1,2;;;;
1,37;-1,2;;;;
1,372;-1,2;;;;
1,374;-1,2;;;;
1,376;-1,21;;;;
1,378;-1,205;;;;
1,38;-1,195;;;;
1,382;-1,2;;;;
1,384;-1,2;;;;
1,386;-1,195;;;;
1,388;-1,2;;;;
1,39;-1,195;;;;
1,392;-1,205;;;;
1,394;-1,2;;;;
1,396;-1,21;;;;
1,398;-1,205;;;;
1,4;-1,205;;;;
1,402;-1,2;;;;
1,404;-1,2;;;;
1,406;-1,2;;;;
1,408;-1,2;;;;
1,41;-1,205;;;;
1,412;-1,205;;;;
1,414;-1,2;;;;
1,416;-1,215;;;;
1,418;-1,21;;;;
1,42;-1,205;;;;
1,422;-1,205;;;;
1,424;-1,2;;;;
1,426;-1,2;;;;
1,428;-1,2;;;;
1,43;-1,205;;;;
1,432;-1,21;;;;
1,434;-1,21;;;;
1,436;-1,215;;;;
1,438;-1,21;;;;
1,44;-1,21;;;;
1,442;-1,205;;;;
1,444;-1,21;;;;
1,446;-1,205;;;;
1,448;-1,2;;;;
1,45;-1,21;;;;
1,452;-1,205;;;;
1,454;-1,21;;;;
1,456;-1,215;;;;
1,458;-1,21;;;;
1,46;-1,21;;;;
1,462;-1,205;;;;
1,464;-1,21;;;;
1,466;-1,2;;;;
1,468;-1,205;;;;
1,47;-1,21;;;;
1,472;-1,21;;;;
1,474;-1,21;;;;
1,476;-1,215;;;;
1,478;-1,215;;;;
1,48;-1,215;;;;
1,482;-1,21;;;;
1,484;-1,21;;;;
1,486;-1,205;;;;
1,488;-1,21;;;;
1,49;-1,21;;;;
1,492;-1,21;;;;
1,494;-1,215;;;;
1,496;-1,215;;;;
1,498;-1,215;;;;
1,5;-1,215;;;;
1,502;-1,205;;;;
1,504;-1,215;;;;
1,506;-1,205;;;;
1,508;-1,21;;;;
1,51;-1,21;;;;
1,512;-1,215;;;;
1,514;-1,215;;;;
1,516;-1,215;;;;
1,518;-1,22;;;;
1,52;-1,215;;;;
1,522;-1,215;;;;
1,524;-1,215;;;;
1,526;-1,205;;;;
1,528;-1,21;;;;
1,53;-1,215;;;;
1,532;-1,215;;;;
1,534;-1,215;;;;
1,536;-1,22;;;;
1,538;-1,22;;;;
1,54;-1,21;;;;
1,542;-1,215;;;;
1,544;-1,21;;;;
1,546;-1,205;;;;
1,548;-1,21;;;;
1,55;-1,21;;;;
1,552;-1,215;;;;
1,554;-1,215;;;;
1,556;-1,22;;;;
1,558;-1,22;;;;
1,56;-1,215;;;;
1,562;-1,215;;;;
1,564;-1,215;;;;
1,566;-1,21;;;;
1,568;-1,21;;;;
1,57;-1,21;;;;
1,572;-1,215;;;;
1,574;-1,21;;;;
1,576;-1,22;;;;
1,578;-1,22;;;;
1,58;-1,21;;;;
1,582;-1,215;;;;
1,584;-1,215;;;;
1,586;-1,21;;;;
1,588;-1,21;;;;
1,59;-1,215;;;;
1,592;-1,215;;;;
1,594;-1,21;;;;
1,596;-1,22;;;;
1,598;-1,215;;;;
1,6;-1,215;;;;
1,602;-1,215;;;;
1,604;-1,21;;;;
1,606;-1,205;;;;
1,608;-1,21;;;;
1,61;-1,215;;;;
1,612;-1,215;;;;
1,614;-1,215;;;;
1,616;-1,22;;;;
1,618;-1,215;;;;
1,62;-1,215;;;;
1,622;-1,215;;;;
1,624;-1,21;;;;
1,626;-1,21;;;;
1,628;-1,21;;;;
1,63;-1,215;;;;
1,632;-1,215;;;;
1,634;-1,215;;;;
1,636;-1,22;;;;
1,638;-1,215;;;;
1,64;-1,215;;;;
1,642;-1,215;;;;
1,644;-1,215;;;;
1,646;-1,21;;;;
1,648;-1,205;;;;
1,65;-1,215;;;;
1,652;-1,215;;;;
1,654;-1,22;;;;
1,656;-1,22;;;;
1,658;-1,22;;;;
1,66;-1,215;;;;
1,662;-1,21;;;;
1,664;-1,215;;;;
1,666;-1,21;;;;
1,668;-1,215;;;;
1,67;-1,215;;;;
1,672;-1,215;;;;
1,674;-1,215;;;;
1,676;-1,22;;;;
1,678;-1,225;;;;
1,68;-1,215;;;;
1,682;-1,215;;;;
1,684;-1,22;;;;
1,686;-1,21;;;;
1,688;-1,215;;;;
1,69;-1,215;;;;
1,692;-1,215;;;;
1,694;-1,215;;;;
1,696;-1,22;;;;
1,698;-1,225;;;;
1,7;-1,22;;;;
1,702;-1,22;;;;
1,704;-1,215;;;;
1,706;-1,215;;;;
1,708;-1,215;;;;
1,71;-1,215;;;;
1,712;-1,22;;;;
1,714;-1,215;;;;
1,716;-1,225;;;;
1,718;-1,225;;;;
1,72;-1,22;;;;
1,722;-1,22;;;;
1,724;-1,22;;;;
1,726;-1,215;;;;
1,728;-1,215;;;;
1,73;-1,225;;;;
1,732;-1,225;;;;
1,734;-1,22;;;;
1,736;-1,23;;;;
1,738;-1,225;;;;
1,74;-1,225;;;;
1,742;-1,225;;;;
1,744;-1,22;;;;
1,746;-1,22;;;;
1,748;-1,22;;;;
1,75;-1,225;;;;
1,752;-1,225;;;;
1,754;-1,22;;;;
1,756;-1,23;;;;
1,758;-1,225;;;;
1,76;-1,225;;;;
1,762;-1,22;;;;
1,764;-1,225;;;;
1,766;-1,22;;;;
1,768;-1,22;;;;
1,77;-1,225;;;;
1,772;-1,225;;;;
1,774;-1,23;;;;
1,776;-1,23;;;;
1,778;-1,23;;;;
1,78;-1,23;;;;
1,782;-1,225;;;;
1,784;-1,23;;;;
1,786;-1,22;;;;
1,788;-1,22;;;;
1,79;-1,23;;;;
1,792;-1,225;;;;
1,794;-1,23;;;;
1,796;-1,235;;;;
1,798;-1,23;;;;
1,8;-1,23;;;;
1,802;-1,225;;;;
1,804;-1,23;;;;
1,806;-1,22;;;;
1,808;-1,225;;;;
1,81;-1,23;;;;
1,812;-1,225;;;;
1,814;-1,23;;;;
1,816;-1,235;;;;
1,818;-1,235;;;;
1,82;-1,23;;;;
1,822;-1,23;;;;
1,824;-1,23;;;;
1,826;-1,225;;;;
1,828;-1,225;;;;
1,83;-1,23;;;;
1,832;-1,225;;;;
1,834;-1,23;;;;
1,836;-1,235;;;;
1,838;-1,235;;;;
1,84;-1,23;;;;
1,842;-1,23;;;;
1,844;-1,23;;;;
1,846;-1,225;;;;
1,848;-1,23;;;;
1,85;-1,23;;;;
1,852;-1,235;;;;
1,854;-1,235;;;;
1,856;-1,235;;;;
1,858;-1,235;;;;
1,86;-1,23;;;;
1,862;-1,235;;;;
1,864;-1,23;;;;
1,866;-1,22;;;;
1,868;-1,225;;;;
1,87;-1,23;;;;
1,872;-1,235;;;;
1,874;-1,23;;;;
1,876;-1,24;;;;
1,878;-1,235;;;;
1,88;-1,23;;;;
1,882;-1,23;;;;
1,884;-1,23;;;;
1,886;-1,225;;;;
1,888;-1,23;;;;
1,89;-1,23;;;;
1,892;-1,235;;;;
1,894;-1,23;;;;
1,896;-1,235;;;;
1,898;-1,235;;;;
1,9;-1,23;;;;
1,902;-1,235;;;;
1,904;-1,23;;;;
1,906;-1,225;;;;
1,908;-1,23;;;;
1,91;-1,23;;;;
1,912;-1,235;;;;
1,914;-1,23;;;;
1,916;-1,24;;;;
1,918;-1,235;;;;
1,92;-1,23;;;;
1,922;-1,23;;;;
1,924;-1,225;;;;
1,926;-1,225;;;;
1,928;-1,23;;;;
1,93;-1,235;;;;
1,932;-1,235;;;;
1,934;-1,23;;;;
1,936;-1,24;;;;
1,938;-1,235;;;;
1,94;-1,23;;;;
1,942;-1,23;;;;
1,944;-1,225;;;;
1,946;-1,22;;;;
1,948;-1,225;;;;
1,95;-1,23;;;;
1,952;-1,23;;;;
1,954;-1,23;;;;
1,956;-1,235;;;;
1,958;-1,225;;;;
1,96;-1,225;;;;
1,962;-1,225;;;;
1,964;-1,225;;;;
1,966;-1,215;;;;
1,968;-1,215;;;;
1,97;-1,225;;;;
1,972;-1,22;;;;
1,974;-1,22;;;;
1,976;-1,225;;;;
1,978;-1,21;;;;
1,98;-1,22;;;;
1,982;-1,215;;;;
1,984;-1,215;;;;
1,986;-1,21;;;;
1,988;-1,21;;;;
1,99;-1,21;;;;
1,992;-1,21;;;;
1,994;-1,21;;;;
1,996;-1,21;;;;
1,998;-1,21;;;;
2;-1,205;;;;
2,002;-1,2;;;;
2,004;-1,2;;;;
2,006;-1,19;;;;
2,008;-1,195;;;;
2,01;-1,195;;;;
2,012;-1,195;;;;
2,014;-1,195;;;;
2,016;-1,195;;;;
2,018;-1,195;;;;
2,02;-1,185;;;;
2,022;-1,185;;;;
2,024;-1,185;;;;
2,026;-1,175;;;;
2,028;-1,18;;;;
2,03;-1,18;;;;
2,032;-1,18;;;;
2,034;-1,175;;;;
2,036;-1,175;;;;
2,038;-1,175;;;;
2,04;-1,17;;;;
2,042;-1,17;;;;
2,044;-1,165;;;;
2,046;-1,15;;;;
2,048;-1,155;;;;
2,05;-1,155;;;;
2,052;-1,155;;;;
2,054;-1,15;;;;
2,056;-1,16;;;;
2,058;-1,155;;;;
2,06;-1,145;;;;
2,062;-1,145;;;;
2,064;-1,14;;;;
2,066;-1,135;;;;
2,068;-1,13;;;;
2,07;-1,13;;;;
2,072;-1,13;;;;
2,074;-1,13;;;;
2,076;-1,135;;;;
2,078;-1,125;;;;
2,08;-1,125;;;;
2,082;-1,12;;;;
2,084;-1,11;;;;
2,086;-1,11;;;;
2,088;-1,105;;;;
2,09;-1,11;;;;
2,092;-1,105;;;;
2,094;-1,1;;;;
2,096;-1,105;;;;
2,098;-1,1;;;;
2,1;-1,095;;;;
2,102;-1,09;;;;
2,104;-1,085;;;;
2,106;-1,08;;;;
2,108;-1,075;;;;
2,11;-1,08;;;;
2,112;-1,075;;;;
2,114;-1,07;;;;
2,116;-1,075;;;;
2,118;-1,065;;;;
2,12;-1,065;;;;
2,122;-1,06;;;;
2,124;-1,055;;;;
2,126;-1,05;;;;
2,128;-1,045;;;;
2,13;-1,05;;;;
2,132;-1,045;;;;
2,134;-1,045;;;;
2,136;-1,045;;;;
2,138;-1,035;;;;
2,14;-1,035;;;;
2,142;-1,025;;;;
2,144;-1,025;;;;
2,146;-1,015;;;;
2,148;-1,01;;;;
2,15;-1,015;;;;
2,152;-1,01;;;;
2,154;-1,01;;;;
2,156;-1,01;;;;
2,158;-1,005;;;;
2,16;-1;;;;
2,162;-0,99;;;;
2,164;-0,99;;;;
2,166;-0,98;;;;
2,168;-0,98;;;;
2,17;-0,98;;;;
2,172;-0,975;;;;
2,174;-0,975;;;;
2,176;-0,97;;;;
2,178;-0,97;;;;
2,18;-0,96;;;;
2,182;-0,955;;;;
2,184;-0,955;;;;
2,186;-0,945;;;;
2,188;-0,945;;;;
2,19;-0,945;;;;
2,192;-0,935;;;;
2,194;-0,935;;;;
2,196;-0,935;;;;
2,198;-0,935;;;;
2,2;-0,925;;;;
2,202;-0,925;;;;
2,204;-0,92;;;;
2,206;-0,905;;;;
2,208;-0,91;;;;
2,21;-0,91;;;;
2,212;-0,905;;;;
2,214;-0,9;;;;
2,216;-0,9;;;;
2,218;-0,895;;;;
2,22;-0,89;;;;
2,222;-0,89;;;;
2,224;-0,88;;;;
2,226;-0,87;;;;
2,228;-0,875;;;;
2,23;-0,87;;;;
2,232;-0,87;;;;
2,234;-0,865;;;;
2,236;-0,865;;;;
2,238;-0,86;;;;
2,24;-0,85;;;;
2,242;-0,855;;;;
2,244;-0,845;;;;
2,246;-0,835;;;;
2,248;-0,835;;;;
2,25;-0,83;;;;
2,252;-0,835;;;;
2,254;-0,825;;;;
2,256;-0,83;;;;
2,258;-0,825;;;;
2,26;-0,815;;;;
2,262;-0,815;;;;
2,264;-0,805;;;;
2,266;-0,8;;;;
2,268;-0,8;;;;
2,27;-0,79;;;;
2,272;-0,795;;;;
2,274;-0,785;;;;
2,276;-0,795;;;;
2,278;-0,785;;;;
2,28;-0,78;;;;
2,282;-0,775;;;;
2,284;-0,765;;;;
2,286;-0,765;;;;
2,288;-0,76;;;;
2,29;-0,76;;;;
2,292;-0,755;;;;
2,294;-0,75;;;;
2,296;-0,755;;;;
2,298;-0,745;;;;
2,3;-0,745;;;;
2,302;-0,735;;;;
2,304;-0,735;;;;
2,306;-0,725;;;;
2,308;-0,72;;;;
2,31;-0,725;;;;
2,312;-0,72;;;;
2,314;-0,72;;;;
2,316;-0,72;;;;
2,318;-0,71;;;;
2,32;-0,71;;;;
2,322;-0,7;;;;
2,324;-0,7;;;;
2,326;-0,685;;;;
2,328;-0,68;;;;
2,33;-0,685;;;;
2,332;-0,68;;;;
2,334;-0,68;;;;
2,336;-0,68;;;;
2,338;-0,68;;;;
2,34;-0,67;;;;
2,342;-0,66;;;;
2,344;-0,66;;;;
2,346;-0,65;;;;
2,348;-0,65;;;;
2,35;-0,65;;;;
2,352;-0,64;;;;
2,354;-0,645;;;;
2,356;-0,64;;;;
2,358;-0,645;;;;
2,36;-0,63;;;;
2,362;-0,625;;;;
2,364;-0,625;;;;
2,366;-0,61;;;;
2,368;-0,615;;;;
2,37;-0,61;;;;
2,372;-0,61;;;;
2,374;-0,61;;;;
2,376;-0,605;;;;
2,378;-0,605;;;;
2,38;-0,595;;;;
2,382;-0,595;;;;
2,384;-0,585;;;;
2,386;-0,57;;;;
2,388;-0,58;;;;
2,39;-0,575;;;;
2,392;-0,575;;;;
2,394;-0,57;;;;
2,396;-0,565;;;;
2,398;-0,565;;;;
2,4;-0,555;;;;
2,402;-0,555;;;;
2,404;-0,55;;;;
2,406;-0,545;;;;
2,408;-0,54;;;;
2,41;-0,54;;;;
2,412;-0,54;;;;
2,414;-0,535;;;;
2,416;-0,54;;;;
2,418;-0,53;;;;
2,42;-0,52;;;;
2,422;-0,525;;;;
2,424;-0,515;;;;
2,426;-0,51;;;;
2,428;-0,51;;;;
2,43;-0,5;;;;
2,432;-0,505;;;;
2,434;-0,5;;;;
2,436;-0,505;;;;
2,438;-0,495;;;;
2,44;-0,495;;;;
2,442;-0,485;;;;
2,444;-0,48;;;;
2,446;-0,475;;;;
2,448;-0,475;;;;
2,45;-0,475;;;;
2,452;-0,47;;;;
2,454;-0,465;;;;
2,456;-0,47;;;;
2,458;-0,46;;;;
2,46;-0,46;;;;
2,462;-0,45;;;;
2,464;-0,445;;;;
2,466;-0,445;;;;
2,468;-0,435;;;;
2,47;-0,44;;;;
2,472;-0,435;;;;
2,474;-0,425;;;;
2,476;-0,44;;;;
2,478;-0,43;;;;
2,48;-0,425;;;;
2,482;-0,42;;;;
2,484;-0,42;;;;
2,486;-0,41;;;;
2,488;-0,405;;;;
2,49;-0,415;;;;
2,492;-0,405;;;;
2,494;-0,405;;;;
2,496;-0,405;;;;
2,498;-0,4;;;;
2,5;-0,395;;;;
2,502;-0,385;;;;
2,504;-0,395;;;;
2,506;-0,38;;;;
2,508;-0,37;;;;
2,51;-0,38;;;;
2,512;-0,375;;;;
2,514;-0,375;;;;
2,516;-0,375;;;;
2,518;-0,365;;;;
2,52;-0,36;;;;
2,522;-0,36;;;;
2,524;-0,355;;;;
2,526;-0,345;;;;
2,528;-0,35;;;;
2,53;-0,35;;;;
2,532;-0,34;;;;
2,534;-0,345;;;;
2,536;-0,345;;;;
2,538;-0,34;;;;
2,54;-0,335;;;;
2,542;-0,325;;;;
2,544;-0,33;;;;
2,546;-0,315;;;;
2,548;-0,32;;;;
2,55;-0,32;;;;
2,552;-0,31;;;;
2,554;-0,315;;;;
2,556;-0,315;;;;
2,558;-0,315;;;;
2,56;-0,305;;;;
2,562;-0,3;;;;
2,564;-0,295;;;;
2,566;-0,285;;;;
2,568;-0,29;;;;
2,57;-0,29;;;;
2,572;-0,29;;;;
2,574;-0,285;;;;
2,576;-0,285;;;;
2,578;-0,285;;;;
2,58;-0,275;;;;
2,582;-0,275;;;;
2,584;-0,27;;;;
2,586;-0,26;;;;
2,588;-0,265;;;;
2,59;-0,26;;;;
2,592;-0,265;;;;
2,594;-0,26;;;;
2,596;-0,255;;;;
2,598;-0,255;;;;
2,6;-0,25;;;;
2,602;-0,25;;;;
2,604;-0,245;;;;
2,606;-0,245;;;;
2,608;-0,24;;;;
2,61;-0,235;;;;
2,612;-0,235;;;;
2,614;-0,235;;;;
2,616;-0,24;;;;
2,618;-0,23;;;;
2,62;-0,22;;;;
2,622;-0,225;;;;
2,624;-0,22;;;;
2,626;-0,215;;;;
2,628;-0,215;;;;
2,63;-0,205;;;;
2,632;-0,21;;;;
2,634;-0,205;;;;
2,636;-0,21;;;;
2,638;-0,205;;;;
2,64;-0,205;;;;
2,642;-0,2;;;;
2,644;-0,195;;;;
2,646;-0,19;;;;
2,648;-0,185;;;;
2,65;-0,195;;;;
2,652;-0,19;;;;
2,654;-0,18;;;;
2,656;-0,19;;;;
2,658;-0,18;;;;
2,66;-0,18;;;;
2,662;-0,175;;;;
2,664;-0,17;;;;
2,666;-0,165;;;;
2,668;-0,16;;;;
2,67;-0,17;;;;
2,672;-0,16;;;;
2,674;-0,165;;;;
2,676;-0,165;;;;
2,678;-0,16;;;;
2,68;-0,16;;;;
2,682;-0,15;;;;
2,684;-0,155;;;;
2,686;-0,14;;;;
2,688;-0,135;;;;
2,69;-0,145;;;;
2,692;-0,14;;;;
2,694;-0,14;;;;
2,696;-0,145;;;;
2,698;-0,145;;;;
2,7;-0,135;;;;
2,702;-0,13;;;;
2,704;-0,135;;;;
2,706;-0,12;;;;
2,708;-0,125;;;;
2,71;-0,125;;;;
2,712;-0,115;;;;
2,714;-0,12;;;;
2,716;-0,125;;;;
2,718;-0,125;;;;
2,72;-0,11;;;;
2,722;-0,115;;;;
2,724;-0,11;;;;
2,726;-0,1;;;;
2,728;-0,105;;;;
2,73;-0,1;;;;
2,732;-0,11;;;;
2,734;-0,105;;;;
2,736;-0,1;;;;
2,738;-0,105;;;;
2,74;-0,0950000000000002;;;;
2,742;-0,0950000000000002;;;;
2,744;-0,0899999999999999;;;;
2,746;-0,0899999999999999;;;;
2,748;-0,0899999999999999;;;;
2,75;-0,085;;;;
2,752;-0,0899999999999999;;;;
2,754;-0,085;;;;
2,756;-0,0950000000000002;;;;
2,758;-0,0899999999999999;;;;
2,76;-0,0750000000000002;;;;
2,762;-0,085;;;;
2,764;-0,0750000000000002;;;;
2,766;-0,0750000000000002;;;;
2,768;-0,0700000000000003;;;;
2,77;-0,0700000000000003;;;;
2,772;-0,0750000000000002;;;;
2,774;-0,0649999999999999;;;;
2,776;-0,0800000000000001;;;;
2,778;-0,0700000000000003;;;;
2,78;-0,0649999999999999;;;;
2,782;-0,0649999999999999;;;;
2,784;-0,0600000000000001;;;;
2,786;-0,0600000000000001;;;;
2,788;-0,0550000000000002;;;;
2,79;-0,0600000000000001;;;;
2,792;-0,0600000000000001;;;;
2,794;-0,0550000000000002;;;;
2,796;-0,0649999999999999;;;;
2,798;-0,0550000000000002;;;;
2,8;-0,0550000000000002;;;;
2,802;-0,0499999999999998;;;;
2,804;-0,0449999999999999;;;;
2,806;-0,0449999999999999;;;;
2,808;-0,04;;;;
2,81;-0,0499999999999998;;;;
2,812;-0,04;;;;
2,814;-0,0350000000000001;;;;
2,816;-0,0499999999999998;;;;
2,818;-0,04;;;;
2,82;-0,04;;;;
2,822;-0,0350000000000001;;;;
2,824;-0,04;;;;
2,826;-0,0300000000000002;;;;
2,828;-0,0249999999999999;;;;
2,83;-0,0350000000000001;;;;
2,832;-0,0300000000000002;;;;
2,834;-0,0300000000000002;;;;
2,836;-0,0350000000000001;;;;
2,838;-0,0249999999999999;;;;
2,84;-0,0300000000000002;;;;
2,842;-0,02;;;;
2,844;-0,0249999999999999;;;;
2,846;-0,02;;;;
2,848;-0,0150000000000001;;;;
2,85;-0,02;;;;
2,852;-0,02;;;;
2,854;-0,02;;;;
2,856;-0,02;;;;
2,858;-0,02;;;;
2,86;-0,0150000000000001;;;;
2,862;-0,00999999999999979;;;;
2,864;-0,0150000000000001;;;;
2,866;-0,00499999999999989;;;;
2,868;-0,00999999999999979;;;;
2,87;-0,00999999999999979;;;;
2,872;0;;;;
2,874;-0,00999999999999979;;;;
2,876;-0,00999999999999979;;;;
2,878;-0,00999999999999979;;;;
2,88;-0,00499999999999989;;;;
2,882;0,00499999999999989;;;;
2,884;0;;;;
2,886;0,00499999999999989;;;;
2,888;0;;;;
2,89;0;;;;
2,892;0,00999999999999979;;;;
2,894;0;;;;
2,896;0;;;;
2,898;0;;;;
2,9;0,00999999999999979;;;;
2,902;0,00499999999999989;;;;
2,904;0,00499999999999989;;;;
2,906;0,02;;;;
2,908;0,00999999999999979;;;;
2,91;0,00999999999999979;;;;
2,912;0,00999999999999979;;;;
2,914;0,00999999999999979;;;;
2,916;0,00999999999999979;;;;
2,918;0,00499999999999989;;;;
2,92;0,0150000000000001;;;;
2,922;0,0150000000000001;;;;
2,924;0,0150000000000001;;;;
2,926;0,0300000000000002;;;;
2,928;0,02;;;;
2,93;0,02;;;;
2,932;0,0150000000000001;;;;
2,934;0,02;;;;
2,936;0,00999999999999979;;;;
2,938;0,0150000000000001;;;;
2,94;0,0249999999999999;;;;
2,942;0,02;;;;
2,944;0,0249999999999999;;;;
2,946;0,0249999999999999;;;;
2,948;0,0249999999999999;;;;
2,95;0,0300000000000002;;;;
2,952;0,0249999999999999;;;;
2,954;0,0300000000000002;;;;
2,956;0,0150000000000001;;;;
2,958;0,0249999999999999;;;;
2,96;0,0350000000000001;;;;
2,962;0,0300000000000002;;;;
2,964;0,0300000000000002;;;;
2,966;0,0350000000000001;;;;
2,968;0,0350000000000001;;;;
2,97;0,0350000000000001;;;;
2,972;0,0300000000000002;;;;
2,974;0,0350000000000001;;;;
2,976;0,0249999999999999;;;;
2,978;0,0300000000000002;;;;
2,98;0,0300000000000002;;;;
2,982;0,0350000000000001;;;;
2,984;0,04;;;;
2,986;0,04;;;;
2,988;0,0449999999999999;;;;
2,99;0,0350000000000001;;;;
2,992;0,04;;;;
2,994;0,0449999999999999;;;;
2,996;0,0300000000000002;;;;
2,998;0,04;;;;
3;0,04;;;;
3,002;0,04;;;;
3,004;0,0449999999999999;;;;
3,006;0,0449999999999999;;;;
3,008;0,0499999999999998;;;;
3,01;0,04;;;;
3,012;0,0449999999999999;;;;
3,014;0,04;;;;
3,016;0,04;;;;
3,018;0,0449999999999999;;;;
3,02;0,0449999999999999;;;;
3,022;0,0499999999999998;;;;
3,024;0,0449999999999999;;;;
3,026;0,0550000000000002;;;;
3,028;0,0550000000000002;;;;
3,03;0,0449999999999999;;;;
3,032;0,0499999999999998;;;;
3,034;0,0449999999999999;;;;
3,036;0,0449999999999999;;;;
3,038;0,0449999999999999;;;;
3,04;0,0449999999999999;;;;
3,042;0,0550000000000002;;;;
3,044;0,0499999999999998;;;;
3,046;0,0600000000000001;;;;
3,048;0,0499999999999998;;;;
3,05;0,0499999999999998;;;;
3,052;0,0550000000000002;;;;
3,054;0,0499999999999998;;;;
3,056;0,0449999999999999;;;;
3,058;0,0449999999999999;;;;
3,06;0,0550000000000002;;;;
3,062;0,0649999999999999;;;;
3,064;0,0550000000000002;;;;
3,066;0,0649999999999999;;;;
3,068;0,0550000000000002;;;;
3,07;0,0550000000000002;;;;
3,072;0,0499999999999998;;;;
3,074;0,0550000000000002;;;;
3,076;0,0550000000000002;;;;
3,078;0,0449999999999999;;;;
3,08;0,0600000000000001;;;;
3,082;0,0550000000000002;;;;
3,084;0,0550000000000002;;;;
3,086;0,0649999999999999;;;;
3,088;0,0600000000000001;;;;
3,09;0,0600000000000001;;;;
3,092;0,0550000000000002;;;;
3,094;0,0550000000000002;;;;
3,096;0,0600000000000001;;;;
3,098;0,0550000000000002;;;;
3,1;0,0649999999999999;;;;
3,102;0,0550000000000002;;;;
3,104;0,0649999999999999;;;;
3,106;0,0600000000000001;;;;
3,108;0,0600000000000001;;;;
3,11;0,0649999999999999;;;;
3,112;0,0550000000000002;;;;
3,114;0,0600000000000001;;;;
3,116;0,0499999999999998;;;;
3,118;0,0550000000000002;;;;
3,12;0,0649999999999999;;;;
3,122;0,0600000000000001;;;;
3,124;0,0649999999999999;;;;
3,126;0,0600000000000001;;;;
3,128;0,0649999999999999;;;;
3,13;0,0649999999999999;;;;
3,132;0,0600000000000001;;;;
3,134;0,0649999999999999;;;;
3,136;0,0499999999999998;;;;
3,138;0,0600000000000001;;;;
3,14;0,0600000000000001;;;;
3,142;0,0600000000000001;;;;
3,144;0,0649999999999999;;;;
3,146;0,0649999999999999;;;;
3,148;0,0649999999999999;;;;
3,15;0,0600000000000001;;;;
3,152;0,0649999999999999;;;;
3,154;0,0649999999999999;;;;
3,156;0,0550000000000002;;;;
3,158;0,0649999999999999;;;;
3,16;0,0600000000000001;;;;
3,162;0,0649999999999999;;;;
3,164;0,0700000000000003;;;;
3,166;0,0649999999999999;;;;
3,168;0,0700000000000003;;;;
3,17;0,0600000000000001;;;;
3,172;0,0649999999999999;;;;
3,174;0,0649999999999999;;;;
3,176;0,0550000000000002;;;;
3,178;0,0600000000000001;;;;
3,18;0,0600000000000001;;;;
3,182;0,0649999999999999;;;;
3,184;0,0600000000000001;;;;
3,186;0,0700000000000003;;;;
3,188;0,0700000000000003;;;;
3,19;0,0600000000000001;;;;
3,192;0,0649999999999999;;;;
3,194;0,0600000000000001;;;;
3,196;0,0550000000000002;;;;
3,198;0,0649999999999999;;;;
3,2;0,0600000000000001;;;;
3,202;0,0700000000000003;;;;
3,204;0,0649999999999999;;;;
3,206;0,0700000000000003;;;;
3,208;0,0750000000000002;;;;
3,21;0,0649999999999999;;;;
3,212;0,0700000000000003;;;;
3,214;0,0649999999999999;;;;
3,216;0,0600000000000001;;;;
3,218;0,0550000000000002;;;;
3,22;0,0649999999999999;;;;
3,222;0,0649999999999999;;;;
3,224;0,0649999999999999;;;;
3,226;0,0750000000000002;;;;
3,228;0,0649999999999999;;;;
3,23;0,0649999999999999;;;;
3,232;0,0700000000000003;;;;
3,234;0,0600000000000001;;;;
3,236;0,0649999999999999;;;;
3,238;0,0550000000000002;;;;
3,24;0,0649999999999999;;;;
3,242;0,0700000000000003;;;;
3,244;0,0649999999999999;;;;
3,246;0,0700000000000003;;;;
3,248;0,0649999999999999;;;;
3,25;0,0649999999999999;;;;
3,252;0,0649999999999999;;;;
3,254;0,0649999999999999;;;;
3,256;0,0649999999999999;;;;
3,258;0,0550000000000002;;;;
3,26;0,0649999999999999;;;;
3,262;0,0649999999999999;;;;
3,264;0,0649999999999999;;;;
3,266;0,0750000000000002;;;;
3,268;0,0649999999999999;;;;
3,27;0,0700000000000003;;;;
3,272;0,0600000000000001;;;;
3,274;0,0649999999999999;;;;
3,276;0,0649999999999999;;;;
3,278;0,0600000000000001;;;;
3,28;0,0700000000000003;;;;
3,282;0,0600000000000001;;;;
3,284;0,0649999999999999;;;;
3,286;0,0649999999999999;;;;
3,288;0,0700000000000003;;;;
3,29;0,0700000000000003;;;;
3,292;0,0600000000000001;;;;
3,294;0,0649999999999999;;;;
3,296;0,0550000000000002;;;;
3,298;0,0600000000000001;;;;
3,3;0,0700000000000003;;;;
3,302;0,0649999999999999;;;;
3,304;0,0649999999999999;;;;
3,306;0,0700000000000003;;;;
3,308;0,0700000000000003;;;;
3,31;0,0700000000000003;;;;
3,312;0,0649999999999999;;;;
3,314;0,0649999999999999;;;;
3,316;0,0550000000000002;;;;
3,318;0,0600000000000001;;;;
3,32;0,0600000000000001;;;;
3,322;0,0600000000000001;;;;
3,324;0,0649999999999999;;;;
3,326;0,0649999999999999;;;;
3,328;0,0700000000000003;;;;
3,33;0,0600000000000001;;;;
3,332;0,0600000000000001;;;;
3,334;0,0649999999999999;;;;
3,336;0,0550000000000002;;;;
3,338;0,0649999999999999;;;;
3,34;0,0600000000000001;;;;
3,342;0,0649999999999999;;;;
3,344;0,0600000000000001;;;;
3,346;0,0649999999999999;;;;
3,348;0,0700000000000003;;;;
3,35;0,0600000000000001;;;;
3,352;0,0600000000000001;;;;
3,354;0,0600000000000001;;;;
3,356;0,0550000000000002;;;;
3,358;0,0649999999999999;;;;
3,36;0,0550000000000002;;;;
3,362;0,0649999999999999;;;;
3,364;0,0600000000000001;;;;
3,366;0,0649999999999999;;;;
3,368;0,0700000000000003;;;;
3,37;0,0600000000000001;;;;
3,372;0,0649999999999999;;;;
3,374;0,0600000000000001;;;;
3,376;0,0550000000000002;;;;
3,378;0,0550000000000002;;;;
3,38;0,0600000000000001;;;;
3,382;0,0649999999999999;;;;
3,384;0,0550000000000002;;;;
3,386;0,0649999999999999;;;;
3,388;0,0600000000000001;;;;
3,39;0,0550000000000002;;;;
3,392;0,0649999999999999;;;;
3,394;0,0550000000000002;;;;
3,396;0,0550000000000002;;;;
3,398;0,0499999999999998;;;;
3,4;0,0600000000000001;;;;
3,402;0,0649999999999999;;;;
3,404;0,0550000000000002;;;;
3,406;0,0649999999999999;;;;
3,408;0,0600000000000001;;;;
3,41;0,0550000000000002;;;;
3,412;0,0499999999999998;;;;
3,414;0,0550000000000002;;;;
3,416;0,0550000000000002;;;;
3,418;0,0499999999999998;;;;
3,42;0,0600000000000001;;;;
3,422;0,0499999999999998;;;;
3,424;0,0550000000000002;;;;
3,426;0,0649999999999999;;;;
3,428;0,0550000000000002;;;;
3,43;0,0600000000000001;;;;
3,432;0,0499999999999998;;;;
3,434;0,0550000000000002;;;;
3,436;0,0550000000000002;;;;
3,438;0,0499999999999998;;;;
3,44;0,0600000000000001;;;;
3,442;0,0499999999999998;;;;
3,444;0,0550000000000002;;;;
3,446;0,0550000000000002;;;;
3,448;0,0550000000000002;;;;
3,45;0,0550000000000002;;;;
3,452;0,0499999999999998;;;;
3,454;0,0550000000000002;;;;
3,456;0,0449999999999999;;;;
3,458;0,0499999999999998;;;;
3,46;0,0550000000000002;;;;
3,462;0,0499999999999998;;;;
3,464;0,0550000000000002;;;;
3,466;0,0550000000000002;;;;
3,468;0,0550000000000002;;;;
3,47;0,0550000000000002;;;;
3,472;0,0499999999999998;;;;
3,474;0,0499999999999998;;;;
3,476;0,04;;;;
3,478;0,0449999999999999;;;;
3,48;0,0550000000000002;;;;
3,482;0,0449999999999999;;;;
3,484;0,0550000000000002;;;;
3,486;0,0550000000000002;;;;
3,488;0,0550000000000002;;;;
3,49;0,0449999999999999;;;;
3,492;0,0449999999999999;;;;
3,494;0,0499999999999998;;;;
3,496;0,04;;;;
3,498;0,0449999999999999;;;;
3,5;0,0449999999999999;;;;
3,502;0,0499999999999998;;;;
3,504;0,0499999999999998;;;;
3,506;0,0499999999999998;;;;
3,508;0,0550000000000002;;;;
3,51;0,0449999999999999;;;;
3,512;0,0449999999999999;;;;
3,514;0,0499999999999998;;;;
3,516;0,0350000000000001;;;;
3,518;0,0449999999999999;;;;
3,52;0,04;;;;
3,522;0,0499999999999998;;;;
3,524;0,04;;;;
3,526;0,0499999999999998;;;;
3,528;0,0499999999999998;;;;
3,53;0,04;;;;
3,532;0,0449999999999999;;;;
3,534;0,0449999999999999;;;;
3,536;0,0350000000000001;;;;
3,538;0,0449999999999999;;;;
3,54;0,04;;;;
3,542;0,0449999999999999;;;;
3,544;0,04;;;;
3,546;0,0499999999999998;;;;
3,548;0,0499999999999998;;;;
3,55;0,04;;;;
3,552;0,0449999999999999;;;;
3,554;0,04;;;;
3,556;0,0350000000000001;;;;
3,558;0,0350000000000001;;;;
3,56;0,04;;;;
3,562;0,0449999999999999;;;;
3,564;0,04;;;;
3,566;0,0499999999999998;;;;
3,568;0,04;;;;
3,57;0,04;;;;
3,572;0,0449999999999999;;;;
3,574;0,0350000000000001;;;;
3,576;0,0350000000000001;;;;
3,578;0,0300000000000002;;;;
3,58;0,04;;;;
3,582;0,0449999999999999;;;;
3,584;0,0350000000000001;;;;
3,586;0,0499999999999998;;;;
3,588;0,04;;;;
3,59;0,04;;;;
3,592;0,0449999999999999;;;;
3,594;0,0350000000000001;;;;
3,596;0,0350000000000001;;;;
3,598;0,0300000000000002;;;;
3,6;0,0350000000000001;;;;
3,602;0,0300000000000002;;;;
3,604;0,0350000000000001;;;;
3,606;0,0449999999999999;;;;
3,608;0,0350000000000001;;;;
3,61;0,0350000000000001;;;;
3,612;0,0300000000000002;;;;
3,614;0,0350000000000001;;;;
3,616;0,0350000000000001;;;;
3,618;0,0300000000000002;;;;
3,62;0,0350000000000001;;;;
3,622;0,0300000000000002;;;;
3,624;0,0350000000000001;;;;
3,626;0,0449999999999999;;;;
3,628;0,0350000000000001;;;;
3,63;0,0350000000000001;;;;
3,632;0,0300000000000002;;;;
3,634;0,0300000000000002;;;;
3,636;0,02;;;;
3,638;0,0249999999999999;;;;
3,64;0,0350000000000001;;;;
3,642;0,0300000000000002;;;;
3,644;0,0350000000000001;;;;
3,646;0,0350000000000001;;;;
3,648;0,0350000000000001;;;;
3,65;0,0350000000000001;;;;
3,652;0,0300000000000002;;;;
3,654;0,0350000000000001;;;;
3,656;0,02;;;;
3,658;0,0300000000000002;;;;
3,66;0,0249999999999999;;;;
3,662;0,0300000000000002;;;;
3,664;0,0350000000000001;;;;
3,666;0,0350000000000001;;;;
3,668;0,0350000000000001;;;;
3,67;0,0249999999999999;;;;
3,672;0,0300000000000002;;;;
3,674;0,0350000000000001;;;;
3,676;0,02;;;;
3,678;0,0249999999999999;;;;
3,68;0,0249999999999999;;;;
3,682;0,0300000000000002;;;;
3,684;0,02;;;;
3,686;0,0300000000000002;;;;
3,688;0,0350000000000001;;;;
3,69;0,0249999999999999;;;;
3,692;0,0300000000000002;;;;
3,694;0,02;;;;
3,696;0,02;;;;
3,698;0,0300000000000002;;;;
3,7;0,0249999999999999;;;;
3,702;0,0300000000000002;;;;
3,704;0,0249999999999999;;;;
3,706;0,0300000000000002;;;;
3,708;0,0249999999999999;;;;
3,71;0,0249999999999999;;;;
3,712;0,0300000000000002;;;;
3,714;0,02;;;;
3,716;0,02;;;;
3,718;0,02;;;;
3,72;0,0249999999999999;;;;
3,722;0,0300000000000002;;;;
3,724;0,0249999999999999;;;;
3,726;0,0300000000000002;;;;
3,728;0,0249999999999999;;;;
3,73;0,0249999999999999;;;;
3,732;0,02;;;;
3,734;0,02;;;;
3,736;0,02;;;;
3,738;0,0150000000000001;;;;
3,74;0,02;;;;
3,742;0,0150000000000001;;;;
3,744;0,02;;;;
3,746;0,0300000000000002;;;;
3,748;0,02;;;;
3,75;0,0249999999999999;;;;
3,752;0,0150000000000001;;;;
3,754;0,02;;;;
3,756;0,02;;;;
3,758;0,0150000000000001;;;;
3,76;0,0249999999999999;;;;
3,762;0,0150000000000001;;;;
3,764;0,02;;;;
3,766;0,02;;;;
3,768;0,02;;;;
3,77;0,02;;;;
3,772;0,0150000000000001;;;;
3,774;0,02;;;;
3,776;0,00499999999999989;;;;
3,778;0,00999999999999979;;;;
3,78;0,02;;;;
3,782;0,0150000000000001;;;;
3,784;0,02;;;;
3,786;0,02;;;;
3,788;0,02;;;;
3,79;0,02;;;;
3,792;0,0150000000000001;;;;
3,794;0,0150000000000001;;;;
3,796;0,00499999999999989;;;;
3,798;0,00999999999999979;;;;
3,8;0,02;;;;
3,802;0,0150000000000001;;;;
3,804;0,02;;;;
3,806;0,02;;;;
3,808;0,02;;;;
3,81;0,00999999999999979;;;;
3,812;0,0150000000000001;;;;
3,814;0,0150000000000001;;;;
3,816;0,00499999999999989;;;;
3,818;0,00999999999999979;;;;
3,82;0,00999999999999979;;;;
3,822;0,00999999999999979;;;;
3,824;0,0150000000000001;;;;
3,826;0,0150000000000001;;;;
3,828;0,02;;;;
3,83;0,00999999999999979;;;;
3,832;0,00999999999999979;;;;
3,834;0,0150000000000001;;;;
3,836;0,00499999999999989;;;;
3,838;0,00999999999999979;;;;
3,84;0,00999999999999979;;;;
3,842;0,0150000000000001;;;;
3,844;0,00999999999999979;;;;
3,846;0,0150000000000001;;;;
3,848;0,0150000000000001;;;;
3,85;0,00499999999999989;;;;
3,852;0,0150000000000001;;;;
3,854;0,00499999999999989;;;;
3,856;0;;;;
3,858;0,00999999999999979;;;;
3,86;0,00499999999999989;;;;
3,862;0,00999999999999979;;;;
3,864;0,00499999999999989;;;;
3,866;0,0150000000000001;;;;
3,868;0,02;;;;
3,87;0,00499999999999989;;;;
3,872;0,00999999999999979;;;;
3,874;0,00499999999999989;;;;
3,876;0,00499999999999989;;;;
3,878;0;;;;
3,88;0,00999999999999979;;;;
3,882;0,00999999999999979;;;;
3,884;0,00499999999999989;;;;
3,886;0,0150000000000001;;;;
3,888;0,00999999999999979;;;;
3,89;0,00499999999999989;;;;
3,892;0,00999999999999979;;;;
3,894;0,00499999999999989;;;;
3,896;0,00499999999999989;;;;
3,898;0;;;;
3,9;0,00499999999999989;;;;
3,902;0,00999999999999979;;;;
3,904;0,00499999999999989;;;;
3,906;0,0150000000000001;;;;
3,908;0,00499999999999989;;;;
3,91;0,00999999999999979;;;;
3,912;0,00499999999999989;;;;
3,914;0,00499999999999989;;;;
3,916;0;;;;
3,918;0;;;;
3,92;0,00499999999999989;;;;
3,922;0,00499999999999989;;;;
3,924;0,00499999999999989;;;;
3,926;0,0150000000000001;;;;
3,928;0,00499999999999989;;;;
3,93;0,00499999999999989;;;;
3,932;0;;;;
3,934;0,00499999999999989;;;;
3,936;0;;;;
3,938;0;;;;
3,94;0,00999999999999979;;;;
3,942;0;;;;
3,944;0,00499999999999989;;;;
3,946;0,00499999999999989;;;;
3,948;0,00499999999999989;;;;
3,95;0,00499999999999989;;;;
3,952;0;;;;
3,954;0,00499999999999989;;;;
3,956;-0,00499999999999989;;;;
3,958;-0,00499999999999989;;;;
3,96;0,00499999999999989;;;;
3,962;0;;;;
3,964;0,00499999999999989;;;;
3,966;0,00499999999999989;;;;
3,968;0,00499999999999989;;;;
3,97;0,00499999999999989;;;;
3,972;0;;;;
3,974;0,00499999999999989;;;;
3,976;-0,00999999999999979;;;;
3,978;0;;;;
3,98;0;;;;
3,982;0;;;;
3,984;0,00499999999999989;;;;
3,986;0,00499999999999989;;;;
3,988;0,00499999999999989;;;;
3,99;0;;;;
3,992;0;;;;
3,994;0,00499999999999989;;;;
3,996;-0,00999999999999979;;;;
3,998;0;;;;
4;-0,00499999999999989;;;;
4,002;0;;;;
4,004;0,00499999999999989;;;;
4,006;0,00499999999999989;;;;
4,008;0,00499999999999989;;;;
4,01;-0,00499999999999989;;;;
4,012;0;;;;
4,014;-0,00499999999999989;;;;
4,016;-0,00999999999999979;;;;
4,018;0;;;;
4,02;-0,00499999999999989;;;;
4,022;-0,00499999999999989;;;;
4,024;-0,00499999999999989;;;;
4,026;0,00499999999999989;;;;
4,028;0,00499999999999989;;;;
4,03;-0,00499999999999989;;;;
4,032;0;;;;
4,034;-0,00499999999999989;;;;
4,036;-0,00999999999999979;;;;
4,038;-0,00499999999999989;;;;
4,04;-0,00499999999999989;;;;
4,042;0;;;;
4,044;-0,00499999999999989;;;;
4,046;0,00499999999999989;;;;
4,048;-0,00499999999999989;;;;
4,05;-0,00499999999999989;;;;
4,052;0,00499999999999989;;;;
4,054;-0,00499999999999989;;;;
4,056;-0,00499999999999989;;;;
4,058;-0,00999999999999979;;;;
4,06;-0,00499999999999989;;;;
4,062;0,00499999999999989;;;;
4,064;-0,00499999999999989;;;;
4,066;0,00499999999999989;;;;
4,068;-0,00499999999999989;;;;
4,07;-0,00499999999999989;;;;
4,072;-0,00999999999999979;;;;
4,074;-0,00499999999999989;;;;
4,076;-0,00999999999999979;;;;
4,078;-0,00999999999999979;;;;
4,08;-0,00499999999999989;;;;
4,082;-0,00999999999999979;;;;
4,084;-0,00499999999999989;;;;
4,086;0,00499999999999989;;;;
4,088;-0,00499999999999989;;;;
4,09;-0,00499999999999989;;;;
4,092;-0,00999999999999979;;;;
4,094;-0,00499999999999989;;;;
4,096;-0,00999999999999979;;;;
4,098;-0,00999999999999979;;;;
4,1;-0,00499999999999989;;;;
4,102;-0,00499999999999989;;;;
4,104;-0,00499999999999989;;;;
4,106;-0,00499999999999989;;;;
4,108;-0,00499999999999989;;;;
4,11;-0,00499999999999989;;;;
4,112;-0,00999999999999979;;;;
4,114;-0,00499999999999989;;;;
4,116;-0,0150000000000001;;;;
4,118;-0,00999999999999979;;;;
4,12;0;;;;
4,122;-0,00999999999999979;;;;
4,124;-0,00499999999999989;;;;
4,126;-0,00499999999999989;;;;
4,128;-0,00499999999999989;;;;
4,13;0;;;;
4,132;-0,00999999999999979;;;;
4,134;-0,00499999999999989;;;;
4,136;-0,0150000000000001;;;;
4,138;-0,00999999999999979;;;;
4,14;-0,00999999999999979;;;;
4,142;-0,00999999999999979;;;;
4,144;-0,00499999999999989;;;;
4,146;-0,00499999999999989;;;;
4,148;-0,00499999999999989;;;;
4,15;-0,00999999999999979;;;;
4,152;-0,00999999999999979;;;;
4,154;-0,00499999999999989;;;;
4,156;-0,0150000000000001;;;;
4,158;-0,00999999999999979;;;;
4,16;-0,00999999999999979;;;;
4,162;-0,00999999999999979;;;;
4,164;0;;;;
4,166;-0,00499999999999989;;;;
4,168;0;;;;
4,17;-0,0150000000000001;;;;
4,172;-0,00999999999999979;;;;
4,174;-0,00999999999999979;;;;
4,176;-0,0150000000000001;;;;
4,178;-0,00999999999999979;;;;
4,18;-0,0150000000000001;;;;
4,182;-0,00499999999999989;;;;
4,184;-0,00999999999999979;;;;
4,186;-0,00499999999999989;;;;
4,188;0;;;;
4,19;-0,0150000000000001;;;;
4,192;-0,00999999999999979;;;;
4,194;-0,0150000000000001;;;;
4,196;-0,0150000000000001;;;;
4,198;-0,00499999999999989;;;;
4,2;-0,00999999999999979;;;;
4,202;-0,00999999999999979;;;;
4,204;-0,0150000000000001;;;;
4,206;-0,00499999999999989;;;;
4,208;-0,00999999999999979;;;;
4,21;-0,0150000000000001;;;;
4,212;-0,00999999999999979;;;;
4,214;-0,0150000000000001;;;;
4,216;-0,02;;;;
4,218;-0,02;;;;
4,22;-0,00999999999999979;;;;
4,222;-0,00499999999999989;;;;
4,224;-0,00999999999999979;;;;
4,226;-0,00499999999999989;;;;
4,228;-0,00999999999999979;;;;
4,23;-0,00999999999999979;;;;
4,232;-0,00499999999999989;;;;
4,234;-0,00999999999999979;;;;
4,236;-0,0150000000000001;;;;
4,238;-0,02;;;;
4,24;-0,00999999999999979;;;;
4,242;-0,0150000000000001;;;;
4,244;-0,00999999999999979;;;;
4,246;0;;;;
4,248;-0,0150000000000001;;;;
4,25;-0,00999999999999979;;;;
4,252;-0,0150000000000001;;;;
4,254;-0,0150000000000001;;;;
4,256;-0,0150000000000001;;;;
4,258;-0,02;;;;
4,26;-0,00999999999999979;;;;
4,262;-0,0150000000000001;;;;
4,264;-0,0150000000000001;;;;
4,266;0,00499999999999989;;;;
4,268;-0,00999999999999979;;;;
4,27;-0,00999999999999979;;;;
4,272;-0,0150000000000001;;;;
4,274;-0,0150000000000001;;;;
4,276;-0,0249999999999999;;;;
4,278;-0,02;;;;
4,28;-0,00999999999999979;;;;
4,282;-0,0150000000000001;;;;
4,284;-0,00999999999999979;;;;
4,286;-0,0150000000000001;;;;
4,288;-0,00999999999999979;;;;
4,29;-0,00999999999999979;;;;
4,292;-0,0150000000000001;;;;
4,294;-0,00999999999999979;;;;
4,296;-0,02;;;;
4,298;-0,02;;;;
4,3;-0,00999999999999979;;;;
4,302;-0,0150000000000001;;;;
4,304;-0,00999999999999979;;;;
4,306;-0,00999999999999979;;;;
4,308;-0,00999999999999979;;;;
4,31;-0,0150000000000001;;;;
4,312;-0,0150000000000001;;;;
4,314;-0,00999999999999979;;;;
4,316;-0,0249999999999999;;;;
4,318;-0,0150000000000001;;;;
4,32;-0,02;;;;
4,322;-0,0150000000000001;;;;
4,324;-0,00499999999999989;;;;
4,326;-0,00499999999999989;;;;
4,328;-0,00999999999999979;;;;
4,33;-0,0150000000000001;;;;
4,332;-0,0150000000000001;;;;
4,334;-0,02;;;;
4,336;-0,0249999999999999;;;;
4,338;-0,0150000000000001;;;;
4,34;-0,02;;;;
4,342;-0,0150000000000001;;;;
4,344;-0,0150000000000001;;;;
4,346;-0,00999999999999979;;;;
4,348;-0,00499999999999989;;;;
4,35;-0,02;;;;
4,352;-0,0150000000000001;;;;
4,354;-0,02;;;;
4,356;-0,02;;;;
4,358;-0,02;;;;
4,36;-0,0150000000000001;;;;
4,362;-0,00999999999999979;;;;
4,364;-0,0150000000000001;;;;
4,366;-0,00999999999999979;;;;
4,368;-0,0150000000000001;;;;
4,37;-0,0150000000000001;;;;
4,372;-0,00999999999999979;;;;
4,374;-0,02;;;;
4,376;-0,02;;;;
4,378;-0,02;;;;
4,38;-0,0150000000000001;;;;
4,382;-0,00499999999999989;;;;
4,384;-0,0150000000000001;;;;
4,386;-0,00499999999999989;;;;
4,388;-0,0150000000000001;;;;
4,39;-0,0150000000000001;;;;
4,392;-0,02;;;;
4,394;-0,0150000000000001;;;;
4,396;-0,0150000000000001;;;;
4,398;-0,02;;;;
4,4;-0,0150000000000001;;;;
4,402;-0,0150000000000001;;;;
4,404;-0,0150000000000001;;;;
4,406;0;;;;
4,408;-0,0150000000000001;;;;
4,41;-0,00999999999999979;;;;
4,412;-0,02;;;;
4,414;-0,0150000000000001;;;;
4,416;-0,02;;;;
4,418;-0,02;;;;
4,42;-0,0150000000000001;;;;
4,422;-0,0150000000000001;;;;
4,424;-0,0150000000000001;;;;
4,426;-0,0150000000000001;;;;
4,428;-0,0150000000000001;;;;
4,43;-0,00999999999999979;;;;
4,432;-0,02;;;;
4,434;-0,0150000000000001;;;;
4,436;-0,0249999999999999;;;;
4,438;-0,02;;;;
4,44;-0,00999999999999979;;;;
4,442;-0,0150000000000001;;;;
4,444;-0,00999999999999979;;;;
4,446;-0,00999999999999979;;;;
4,448;-0,0150000000000001;;;;
4,45;-0,00999999999999979;;;;
4,452;-0,02;;;;
4,454;-0,00999999999999979;;;;
4,456;-0,0249999999999999;;;;
4,458;-0,02;;;;
4,46;-0,02;;;;
4,462;-0,0150000000000001;;;;
4,464;-0,00999999999999979;;;;
4,466;-0,00999999999999979;;;;
4,468;-0,00999999999999979;;;;
4,47;-0,02;;;;
4,472;-0,02;;;;
4,474;-0,00999999999999979;;;;
4,476;-0,0249999999999999;;;;
4,478;-0,0150000000000001;;;;
4,48;-0,02;;;;
4,482;-0,0150000000000001;;;;
4,484;-0,00999999999999979;;;;
4,486;-0,00999999999999979;;;;
4,488;-0,00999999999999979;;;;
4,49;-0,02;;;;
4,492;-0,0150000000000001;;;;
4,494;-0,0150000000000001;;;;
4,496;-0,0249999999999999;;;;
4,498;-0,0150000000000001;;;;
4,5;-0,02;;;;
4,502;-0,0150000000000001;;;;
4,504;-0,02;;;;
4,506;-0,00999999999999979;;;;
4,508;-0,00999999999999979;;;;
4,51;-0,02;;;;
4,512;-0,0150000000000001;;;;
4,514;-0,02;;;;
4,516;-0,02;;;;
4,518;-0,0150000000000001;;;;
4,52;-0,02;;;;
4,522;-0,00999999999999979;;;;
4,524;-0,02;;;;
4,526;-0,00999999999999979;;;;
4,528;-0,02;;;;
4,53;-0,02;;;;
4,532;-0,0150000000000001;;;;
4,534;-0,02;;;;
4,536;-0,02;;;;
4,538;-0,0249999999999999;;;;
4,54;-0,02;;;;
4,542;-0,00999999999999979;;;;
4,544;-0,02;;;;
4,546;-0,00999999999999979;;;;
4,548;-0,0150000000000001;;;;
4,55;-0,0150000000000001;;;;
4,552;-0,00999999999999979;;;;
4,554;-0,02;;;;
4,556;-0,02;;;;
4,558;-0,0249999999999999;;;;
4,56;-0,0150000000000001;;;;
4,562;-0,02;;;;
4,564;-0,02;;;;
4,566;-0,00499999999999989;;;;
4,568;-0,0150000000000001;;;;
4,57;-0,0150000000000001;;;;
4,572;-0,02;;;;
4,574;-0,02;;;;
4,576;-0,02;;;;
4,578;-0,0249999999999999;;;;
4,58;-0,0150000000000001;;;;
4,582;-0,02;;;;
4,584;-0,0150000000000001;;;;
4,586;-0,00499999999999989;;;;
4,588;-0,0150000000000001;;;;
4,59;-0,0150000000000001;;;;
4,592;-0,02;;;;
4,594;-0,0150000000000001;;;;
4,596;-0,0249999999999999;;;;
4,598;-0,02;;;;
4,6;-0,0150000000000001;;;;
4,602;-0,02;;;;
4,604;-0,0150000000000001;;;;
4,606;-0,0150000000000001;;;;
4,608;-0,0150000000000001;;;;
4,61;-0,0150000000000001;;;;
4,612;-0,02;;;;
4,614;-0,0150000000000001;;;;
4,616;-0,0300000000000002;;;;
4,618;-0,02;;;;
4,62;-0,00999999999999979;;;;
4,622;-0,02;;;;
4,624;-0,0150000000000001;;;;
4,626;-0,0150000000000001;;;;
4,628;-0,0150000000000001;;;;
4,63;-0,02;;;;
4,632;-0,02;;;;
4,634;-0,00999999999999979;;;;
4,636;-0,0249999999999999;;;;
4,638;-0,02;;;;
4,64;-0,02;;;;
4,642;-0,0150000000000001;;;;
4,644;-0,00999999999999979;;;;
4,646;-0,0150000000000001;;;;
4,648;-0,00999999999999979;;;;
4,65;-0,02;;;;
4,652;-0,02;;;;
4,654;-0,02;;;;
4,656;-0,0249999999999999;;;;
4,658;-0,0150000000000001;;;;
4,66;-0,02;;;;
4,662;-0,0150000000000001;;;;
4,664;-0,02;;;;
4,666;-0,00999999999999979;;;;
4,668;-0,00999999999999979;;;;
4,67;-0,02;;;;
4,672;-0,0150000000000001;;;;
4,674;-0,02;;;;
4,676;-0,0249999999999999;;;;
4,678;-0,0249999999999999;;;;
4,68;-0,02;;;;
4,682;-0,0150000000000001;;;;
4,684;-0,02;;;;
4,686;-0,00999999999999979;;;;
4,688;-0,0150000000000001;;;;
4,69;-0,02;;;;
4,692;-0,00999999999999979;;;;
4,694;-0,02;;;;
4,696;-0,0249999999999999;;;;
4,698;-0,0249999999999999;;;;
4,7;-0,0150000000000001;;;;
4,702;-0,02;;;;
4,704;-0,0150000000000001;;;;
4,706;-0,00499999999999989;;;;
4,708;-0,0150000000000001;;;;
4,71;-0,0150000000000001;;;;
4,712;-0,02;;;;
4,714;-0,02;;;;
4,716;-0,02;;;;
4,718;-0,0249999999999999;;;;
4,72;-0,0150000000000001;;;;
4,722;-0,02;;;;
4,724;-0,0150000000000001;;;;
4,726;-0,00999999999999979;;;;
4,728;-0,0150000000000001;;;;
4,73;-0,0150000000000001;;;;
4,732;-0,02;;;;
4,734;-0,0150000000000001;;;;
4,736;-0,0300000000000002;;;;
4,738;-0,02;;;;
4,74;-0,0150000000000001;;;;
4,742;-0,0150000000000001;;;;
4,744;-0,0150000000000001;;;;
4,746;-0,0150000000000001;;;;
4,748;-0,0150000000000001;;;;
4,75;-0,00999999999999979;;;;
4,752;-0,02;;;;
4,754;-0,0150000000000001;;;;
4,756;-0,0300000000000002;;;;
4,758;-0,02;;;;
4,76;-0,0150000000000001;;;;
4,762;-0,02;;;;
4,764;-0,00999999999999979;;;;
4,766;-0,0150000000000001;;;;
4,768;-0,00999999999999979;;;;
4,77;-0,02;;;;
4,772;-0,02;;;;
4,774;-0,0150000000000001;;;;
4,776;-0,0249999999999999;;;;
4,778;-0,02;;;;
4,78;-0,02;;;;
4,782;-0,02;;;;
4,784;-0,00999999999999979;;;;
4,786;-0,0150000000000001;;;;
4,788;-0,00999999999999979;;;;
4,79;-0,02;;;;
4,792;-0,0150000000000001;;;;
4,794;-0,02;;;;
4,796;-0,0249999999999999;;;;
4,798;-0,0150000000000001;;;;
4,8;-0,02;;;;
4,802;-0,0150000000000001;;;;
4,804;-0,02;;;;
4,806;-0,00999999999999979;;;;
4,808;-0,00999999999999979;;;;
4,81;-0,02;;;;
4,812;-0,0150000000000001;;;;
4,814;-0,02;;;;
4,816;-0,0249999999999999;;;;
4,818;-0,00999999999999979;;;;
4,82;-0,02;;;;
4,822;-0,0150000000000001;;;;
4,824;-0,02;;;;
4,826;-0,00999999999999979;;;;
4,828;-0,0150000000000001;;;;
4,83;-0,02;;;;
4,832;-0,0150000000000001;;;;
4,834;-0,02;;;;
4,836;-0,0249999999999999;;;;
4,838;-0,02;;;;
4,84;-0,02;;;;
4,842;-0,0150000000000001;;;;
4,844;-0,02;;;;
4,846;-0,00999999999999979;;;;
4,848;-0,02;;;;
4,85;-0,0150000000000001;;;;
4,852;-0,00999999999999979;;;;
4,854;-0,02;;;;
4,856;-0,02;;;;
4,858;-0,0249999999999999;;;;
4,86;-0,0150000000000001;;;;
4,862;-0,02;;;;
4,864;-0,02;;;;
4,866;-0,00499999999999989;;;;
4,868;-0,0150000000000001;;;;
4,87;-0,0150000000000001;;;;
4,872;-0,02;;;;
4,874;-0,02;;;;
4,876;-0,02;;;;
4,878;-0,02;;;;
4,88;-0,0150000000000001;;;;
4,882;-0,02;;;;
4,884;-0,0150000000000001;;;;
4,886;-0,00499999999999989;;;;
4,888;-0,0150000000000001;;;;
4,89;-0,0150000000000001;;;;
4,892;-0,02;;;;
4,894;-0,0150000000000001;;;;
4,896;-0,0249999999999999;;;;
4,898;-0,0249999999999999;;;;
4,9;-0,0150000000000001;;;;
4,902;-0,02;;;;
4,904;-0,0150000000000001;;;;
4,906;-0,0150000000000001;;;;
4,908;-0,0150000000000001;;;;
4,91;-0,00999999999999979;;;;
4,912;-0,02;;;;
4,914;-0,0150000000000001;;;;
4,916;-0,0249999999999999;;;;
4,918;-0,02;;;;
4,92;-0,0150000000000001;;;;
4,922;-0,02;;;;
4,924;-0,00999999999999979;;;;
4,926;-0,0150000000000001;;;;
4,928;-0,0150000000000001;;;;
4,93;-0,02;;;;
4,932;-0,02;;;;
4,934;-0,0150000000000001;;;;
4,936;-0,0249999999999999;;;;
4,938;-0,02;;;;
4,94;-0,02;;;;
4,942;-0,0150000000000001;;;;
4,944;-0,00999999999999979;;;;
4,946;-0,0150000000000001;;;;
4,948;-0,00999999999999979;;;;
4,95;-0,02;;;;
4,952;-0,0150000000000001;;;;
4,954;-0,02;;;;
4,956;-0,0249999999999999;;;;
4,958;-0,0150000000000001;;;;
4,96;-0,02;;;;
4,962;-0,0150000000000001;;;;
4,964;-0,02;;;;
4,966;-0,00999999999999979;;;;
4,968;-0,00999999999999979;;;;
4,97;-0,02;;;;
4,972;-0,0150000000000001;;;;
4,974;-0,02;;;;
4,976;-0,0249999999999999;;;;
4,978;-0,0150000000000001;;;;
4,98;-0,02;;;;
4,982;-0,0150000000000001;;;;
4,984;-0,02;;;;
4,986;-0,00999999999999979;;;;
4,988;-0,0150000000000001;;;;
4,99;-0,02;;;;
4,992;-0,0150000000000001;;;;
4,994;-0,02;;;;
4,996;-0,02;;;;
4,998;-0,0249999999999999;;;;
5;-0,0150000000000001;;;;
5,002;-0,00999999999999979;;;;
5,004;-0,02;;;;
5,006;-0,00499999999999989;;;;
5,008;-0,0150000000000001;;;;
5,01;-0,0150000000000001;;;;
5,012;-0,02;;;;
5,014;-0,02;;;;
5,016;-0,02;;;;
5,018;-0,0249999999999999;;;;
5,02;-0,0150000000000001;;;;
5,022;-0,02;;;;
5,024;-0,0150000000000001;;;;
5,026;-0,00499999999999989;;;;
5,028;-0,0150000000000001;;;;
5,03;-0,0150000000000001;;;;
5,032;-0,02;;;;
5,034;-0,0150000000000001;;;;
5,036;-0,0249999999999999;;;;
5,038;-0,02;;;;
5,04;-0,0150000000000001;;;;
5,042;-0,02;;;;
5,044;-0,0150000000000001;;;;
5,046;-0,0150000000000001;;;;
5,048;-0,0150000000000001;;;;
5,05;-0,00999999999999979;;;;
5,052;-0,02;;;;
5,054;-0,0150000000000001;;;;
5,056;-0,0249999999999999;;;;
5,058;-0,02;;;;
5,06;-0,02;;;;
5,062;-0,02;;;;
5,064;-0,00999999999999979;;;;
5,066;-0,00999999999999979;;;;
5,068;-0,00999999999999979;;;;
5,07;-0,02;;;;
5,072;-0,0150000000000001;;;;
5,074;-0,0150000000000001;;;;
5,076;-0,0249999999999999;;;;
5,078;-0,0150000000000001;;;;
5,08;-0,02;;;;
5,082;-0,0150000000000001;;;;
5,084;-0,02;;;;
5,086;-0,00999999999999979;;;;
5,088;-0,00999999999999979;;;;
5,09;-0,02;;;;
5,092;-0,0150000000000001;;;;
5,094;-0,02;;;;
5,096;-0,0249999999999999;;;;
5,098;-0,0150000000000001;;;;
5,1;-0,0150000000000001;;;;
5,102;-0,0150000000000001;;;;
5,104;-0,02;;;;
5,106;-0,00999999999999979;;;;
5,108;-0,0150000000000001;;;;
5,11;-0,0150000000000001;;;;
5,112;-0,0150000000000001;;;;
5,114;-0,02;;;;
5,116;-0,0249999999999999;;;;
5,118;-0,0249999999999999;;;;
5,12;-0,02;;;;
5,122;-0,00999999999999979;;;;
5,124;-0,02;;;;
5,126;-0,00999999999999979;;;;
5,128;-0,0150000000000001;;;;
5,13;-0,0150000000000001;;;;
5,132;-0,02;;;;
5,134;-0,02;;;;
5,136;-0,02;;;;
5,138;-0,0249999999999999;;;;
5,14;-0,0150000000000001;;;;
5,142;-0,02;;;;
5,144;-0,0150000000000001;;;;
5,146;-0,00499999999999989;;;;
5,148;-0,0150000000000001;;;;
5,15;-0,0150000000000001;;;;
5,152;-0,02;;;;
5,154;-0,02;;;;
5,156;-0,0150000000000001;;;;
5,158;-0,02;;;;
5,16;-0,0150000000000001;;;;
5,162;-0,02;;;;
5,164;-0,0150000000000001;;;;
5,166;-0,0150000000000001;;;;
5,168;-0,0150000000000001;;;;
5,17;-0,00999999999999979;;;;
5,172;-0,02;;;;
5,174;-0,0150000000000001;;;;
5,176;-0,0300000000000002;;;;
5,178;-0,02;;;;
5,18;-0,00999999999999979;;;;
5,182;-0,0150000000000001;;;;
5,184;-0,0150000000000001;;;;
5,186;-0,0150000000000001;;;;
5,188;-0,0150000000000001;;;;
5,19;-0,02;;;;
5,192;-0,02;;;;
5,194;-0,0150000000000001;;;;
5,196;-0,0249999999999999;;;;
5,198;-0,02;;;;
5,2;-0,02;;;;
5,202;-0,0150000000000001;;;;
5,204;-0,00999999999999979;;;;
5,206;-0,0150000000000001;;;;
5,208;-0,00999999999999979;;;;
5,21;-0,02;;;;
5,212;-0,0150000000000001;;;;
5,214;-0,00999999999999979;;;;
5,216;-0,0249999999999999;;;;
5,218;-0,0150000000000001;;;;
5,22;-0,02;;;;
5,222;-0,0150000000000001;;;;
5,224;-0,02;;;;
5,226;-0,00999999999999979;;;;
5,228;-0,00999999999999979;;;;
5,23;-0,02;;;;
5,232;-0,0150000000000001;;;;
5,234;-0,02;;;;
5,236;-0,0249999999999999;;;;
5,238;-0,0150000000000001;;;;
5,24;-0,02;;;;
5,242;-0,0150000000000001;;;;
5,244;-0,02;;;;
5,246;-0,00999999999999979;;;;
5,248;-0,02;;;;
5,25;-0,02;;;;
5,252;-0,0150000000000001;;;;
5,254;-0,02;;;;
5,256;-0,02;;;;
5,258;-0,02;;;;
5,26;-0,02;;;;
5,262;-0,00999999999999979;;;;
5,264;-0,02;;;;
5,266;-0,00999999999999979;;;;
5,268;-0,0150000000000001;;;;
5,27;-0,0150000000000001;;;;
5,272;-0,0150000000000001;;;;
5,274;-0,02;;;;
5,276;-0,02;;;;
5,278;-0,0249999999999999;;;;
5,28;-0,0150000000000001;;;;
5,282;-0,02;;;;
5,284;-0,0150000000000001;;;;
5,286;-0,00499999999999989;;;;
5,288;-0,0150000000000001;;;;
5,29;-0,0150000000000001;;;;
5,292;-0,02;;;;
5,294;-0,0150000000000001;;;;
5,296;-0,02;;;;
5,298;-0,02;;;;
5,3;-0,0150000000000001;;;;
5,302;-0,02;;;;
5,304;-0,0150000000000001;;;;
5,306;-0,0150000000000001;;;;
5,308;-0,0150000000000001;;;;
5,31;-0,0150000000000001;;;;
5,312;-0,02;;;;
5,314;-0,0150000000000001;;;;
5,316;-0,0249999999999999;;;;
5,318;-0,02;;;;
5,32;-0,00999999999999979;;;;
5,322;-0,02;;;;
5,324;-0,0150000000000001;;;;
5,326;-0,0150000000000001;;;;
5,328;-0,0150000000000001;;;;
5,33;-0,02;;;;
5,332;-0,02;;;;
5,334;-0,0150000000000001;;;;
5,336;-0,0300000000000002;;;;
5,338;-0,02;;;;
5,34;-0,02;;;;
5,342;-0,0150000000000001;;;;
5,344;-0,00999999999999979;;;;
5,346;-0,00999999999999979;;;;
5,348;-0,00999999999999979;;;;
5,35;-0,02;;;;
5,352;-0,0150000000000001;;;;
5,354;-0,0249999999999999;;;;
5,356;-0,0249999999999999;;;;
5,358;-0,0150000000000001;;;;
5,36;-0,02;;;;
5,362;-0,0150000000000001;;;;
5,364;-0,02;;;;
5,366;-0,00999999999999979;;;;
5,368;-0,00999999999999979;;;;
5,37;-0,02;;;;
5,372;-0,0150000000000001;;;;
5,374;-0,02;;;;
5,376;-0,02;;;;
5,378;-0,0249999999999999;;;;
5,38;-0,02;;;;
5,382;-0,00999999999999979;;;;
5,384;-0,02;;;;
5,386;-0,00999999999999979;;;;
5,388;-0,02;;;;
5,39;-0,02;;;;
5,392;-0,00999999999999979;;;;
5,394;-0,02;;;;
5,396;-0,02;;;;
5,398;-0,0249999999999999;;;;
5,4;-0,02;;;;
5,402;-0,02;;;;
5,404;-0,02;;;;
5,406;-0,00499999999999989;;;;
5,408;-0,02;;;;
5,41;-0,0150000000000001;;;;
5,412;-0,02;;;;
5,414;-0,02;;;;
5,416;-0,0150000000000001;;;;
5,418;-0,0249999999999999;;;;
5,42;-0,0150000000000001;;;;
5,422;-0,02;;;;
5,424;-0,0150000000000001;;;;
5,426;-0,0150000000000001;;;;
5,428;-0,0150000000000001;;;;
5,43;-0,0150000000000001;;;;
5,432;-0,02;;;;
5,434;-0,0150000000000001;;;;
5,436;-0,0300000000000002;;;;
5,438;-0,02;;;;
5,44;-0,0150000000000001;;;;
5,442;-0,02;;;;
5,444;-0,0150000000000001;;;;
5,446;-0,0150000000000001;;;;
5,448;-0,0150000000000001;;;;
5,45;-0,00999999999999979;;;;
5,452;-0,02;;;;
5,454;-0,0150000000000001;;;;
5,456;-0,0249999999999999;;;;
5,458;-0,02;;;;
5,46;-0,02;;;;
5,462;-0,0150000000000001;;;;
5,464;-0,00999999999999979;;;;
5,466;-0,0150000000000001;;;;
5,468;-0,0150000000000001;;;;
5,47;-0,02;;;;
5,472;-0,0150000000000001;;;;
5,474;-0,0150000000000001;;;;
5,476;-0,0249999999999999;;;;
5,478;-0,02;;;;
5,48;-0,02;;;;
5,482;-0,0150000000000001;;;;
5,484;-0,00999999999999979;;;;
5,486;-0,0150000000000001;;;;
5,488;-0,00999999999999979;;;;
5,49;-0,02;;;;
5,492;-0,0150000000000001;;;;
5,494;-0,02;;;;
5,496;-0,0249999999999999;;;;
5,498;-0,02;;;;
5,5;-0,02;;;;
5,502;-0,0150000000000001;;;;
5,504;-0,02;;;;
5,506;-0,00999999999999979;;;;
5,508;-0,00999999999999979;;;;
5,51;-0,02;;;;
5,512;-0,0150000000000001;;;;
5,514;-0,02;;;;
5,516;-0,0249999999999999;;;;
5,518;-0,02;;;;
5,52;-0,02;;;;
5,522;-0,0150000000000001;;;;
5,524;-0,02;;;;
5,526;-0,00999999999999979;;;;
5,528;-0,0150000000000001;;;;
5,53;-0,02;;;;
5,532;-0,0150000000000001;;;;
5,534;-0,02;;;;
5,536;-0,0249999999999999;;;;
5,538;-0,0249999999999999;;;;
5,54;-0,02;;;;
5,542;-0,0150000000000001;;;;
5,544;-0,02;;;;
5,546;-0,00499999999999989;;;;
5,548;-0,02;;;;
5,55;-0,0150000000000001;;;;
5,552;-0,02;;;;
5,554;-0,02;;;;
5,556;-0,02;;;;
5,558;-0,02;;;;
5,56;-0,0150000000000001;;;;
5,562;-0,02;;;;
5,564;-0,0150000000000001;;;;
5,566;-0,00999999999999979;;;;
5,568;-0,0150000000000001;;;;
5,57;-0,0150000000000001;;;;
5,572;-0,02;;;;
5,574;-0,0150000000000001;;;;
5,576;-0,0150000000000001;;;;
5,578;-0,02;;;;
5,58;-0,0150000000000001;;;;
5,582;-0,02;;;;
5,584;-0,0150000000000001;;;;
5,586;-0,0150000000000001;;;;
5,588;-0,0150000000000001;;;;
5,59;-0,00999999999999979;;;;
5,592;-0,02;;;;
5,594;-0,0150000000000001;;;;
5,596;-0,0300000000000002;;;;
5,598;-0,02;;;;
5,6;-0,00999999999999979;;;;
5,602;-0,02;;;;
5,604;-0,0150000000000001;;;;
5,606;-0,0150000000000001;;;;
5,608;-0,0150000000000001;;;;
5,61;-0,00999999999999979;;;;
5,612;-0,02;;;;
5,614;-0,0150000000000001;;;;
5,616;-0,0300000000000002;;;;
5,618;-0,02;;;;
5,62;-0,02;;;;
5,622;-0,02;;;;
5,624;-0,0150000000000001;;;;
5,626;-0,0150000000000001;;;;
5,628;-0,00999999999999979;;;;
5,63;-0,02;;;;
5,632;-0,02;;;;
5,634;-0,0150000000000001;;;;
5,636;-0,0249999999999999;;;;
5,638;-0,0150000000000001;;;;
5,64;-0,02;;;;
5,642;-0,0150000000000001;;;;
5,644;-0,0150000000000001;;;;
5,646;-0,0150000000000001;;;;
5,648;-0,00999999999999979;;;;
5,65;-0,02;;;;
5,652;-0,0150000000000001;;;;
5,654;-0,02;;;;
5,656;-0,0249999999999999;;;;
5,658;0;;;;
5,66;-0,02;;;;
5,662;-0,0150000000000001;;;;
5,664;-0,02;;;;
5,666;-0,00999999999999979;;;;
5,668;-0,02;;;;
5,67;-0,02;;;;
5,672;-0,0150000000000001;;;;
5,674;-0,02;;;;
5,676;-0,02;;;;
5,678;-0,0249999999999999;;;;
5,68;-0,02;;;;
5,682;-0,00999999999999979;;;;
5,684;-0,02;;;;
5,686;-0,00499999999999989;;;;
5,688;-0,0150000000000001;;;;
5,69;-0,0150000000000001;;;;
5,692;-0,0249999999999999;;;;
5,694;-0,02;;;;
5,696;-0,02;;;;
5,698;-0,0249999999999999;;;;
5,7;-0,0150000000000001;;;;
5,702;-0,02;;;;
5,704;-0,02;;;;
5,706;-0,00499999999999989;;;;
5,708;-0,0150000000000001;;;;
5,71;-0,00999999999999979;;;;
5,712;-0,02;;;;
5,714;-0,02;;;;
5,716;-0,0300000000000002;;;;
5,718;-0,02;;;;
5,72;-0,0150000000000001;;;;
5,722;-0,02;;;;
5,724;-0,0150000000000001;;;;
5,726;-0,0150000000000001;;;;
5,728;-0,0150000000000001;;;;
5,73;-0,00999999999999979;;;;
5,732;-0,02;;;;
5,734;-0,0150000000000001;;;;
5,736;-0,0249999999999999;;;;
5,738;-0,02;;;;
5,74;-0,02;;;;
5,742;-0,0150000000000001;;;;
5,744;-0,00999999999999979;;;;
5,746;-0,0150000000000001;;;;
5,748;-0,00999999999999979;;;;
5,75;-0,02;;;;
5,752;-0,0150000000000001;;;;
5,754;-0,00999999999999979;;;;
5,756;-0,0249999999999999;;;;
5,758;-0,0150000000000001;;;;
5,76;-0,02;;;;
5,762;-0,0150000000000001;;;;
5,764;-0,02;;;;
5,766;-0,0150000000000001;;;;
5,768;-0,00999999999999979;;;;
5,77;-0,02;;;;
5,772;-0,0150000000000001;;;;
5,774;-0,02;;;;
5,776;-0,0249999999999999;;;;
5,778;-0,0150000000000001;;;;
5,78;-0,02;;;;
5,782;-0,0150000000000001;;;;
5,784;-0,02;;;;
5,786;-0,00999999999999979;;;;
5,788;-0,00499999999999989;;;;
5,79;-0,02;;;;
5,792;-0,0150000000000001;;;;
5,794;-0,02;;;;
5,796;-0,0249999999999999;;;;
5,798;-0,0249999999999999;;;;
5,8;-0,02;;;;
5,802;-0,0150000000000001;;;;
5,804;-0,02;;;;
5,806;-0,00999999999999979;;;;
5,808;-0,0150000000000001;;;;
5,81;-0,0150000000000001;;;;
5,812;-0,00999999999999979;;;;
5,814;-0,02;;;;
5,816;-0,0249999999999999;;;;
5,818;-0,0249999999999999;;;;
5,82;-0,02;;;;
5,822;-0,00999999999999979;;;;
5,824;-0,0150000000000001;;;;
5,826;-0,00999999999999979;;;;
5,828;-0,0150000000000001;;;;
5,83;-0,0150000000000001;;;;
5,832;-0,02;;;;
5,834;-0,02;;;;
5,836;-0,02;;;;
5,838;-0,0249999999999999;;;;
5,84;-0,0150000000000001;;;;
5,842;-0,02;;;;
5,844;-0,0150000000000001;;;;
5,846;-0,00499999999999989;;;;
5,848;-0,0150000000000001;;;;
5,85;-0,0150000000000001;;;;
5,852;-0,02;;;;
5,854;-0,0150000000000001;;;;
5,856;-0,02;;;;
5,858;-0,02;;;;
5,86;-0,0150000000000001;;;;
5,862;-0,02;;;;
5,864;-0,0150000000000001;;;;
5,866;-0,0150000000000001;;;;
5,868;-0,0150000000000001;;;;
5,87;-0,0150000000000001;;;;
5,872;-0,02;;;;
5,874;-0,0150000000000001;;;;
5,876;-0,0300000000000002;;;;
5,878;-0,02;;;;
5,88;-0,0150000000000001;;;;
5,882;-0,0150000000000001;;;;
5,884;-0,0150000000000001;;;;
5,886;-0,0150000000000001;;;;
5,888;-0,0150000000000001;;;;
5,89;-0,02;;;;
5,892;-0,02;;;;
5,894;-0,0150000000000001;;;;
5,896;-0,0249999999999999;;;;
5,898;-0,02;;;;
5,9;-0,02;;;;
5,902;-0,0150000000000001;;;;
5,904;-0,00999999999999979;;;;
5,906;-0,0150000000000001;;;;
5,908;-0,0150000000000001;;;;
5,91;-0,02;;;;
5,912;-0,0150000000000001;;;;
5,914;-0,0249999999999999;;;;
5,916;-0,0249999999999999;;;;
5,918;-0,0150000000000001;;;;
5,92;-0,02;;;;
5,922;-0,0150000000000001;;;;
5,924;-0,02;;;;
5,926;-0,00999999999999979;;;;
5,928;-0,0150000000000001;;;;
5,93;-0,02;;;;
5,932;-0,0150000000000001;;;;
5,934;-0,02;;;;
5,936;-0,0249999999999999;;;;
5,938;-0,0150000000000001;;;;
5,94;-0,02;;;;
5,942;-0,0150000000000001;;;;
5,944;-0,02;;;;
5,946;-0,00999999999999979;;;;
5,948;-0,00499999999999989;;;;
5,95;-0,02;;;;
5,952;-0,00999999999999979;;;;
5,954;-0,02;;;;
5,956;-0,02;;;;
5,958;-0,0249999999999999;;;;
5,96;-0,02;;;;
5,962;-0,00999999999999979;;;;
5,964;-0,02;;;;
5,966;-0,00999999999999979;;;;
5,968;-0,02;;;;
5,97;-0,02;;;;
5,972;-0,00999999999999979;;;;
5,974;-0,02;;;;
5,976;-0,02;;;;
5,978;-0,0249999999999999;;;;
5,98;-0,0150000000000001;;;;
5,982;-0,0150000000000001;;;;
5,984;-0,0150000000000001;;;;
5,986;-0,00499999999999989;;;;
5,988;-0,02;;;;
5,99;-0,0150000000000001;;;;
5,992;-0,02;;;;
5,994;-0,02;;;;
5,996;-0,02;;;;
5,998;-0,02;;;;
6;-0,0150000000000001;;;;
6,002;-0,02;;;;
6,004;-0,0150000000000001;;;;
6,006;-0,00499999999999989;;;;
6,008;-0,0150000000000001;;;;
6,01;-0,0150000000000001;;;;
6,012;-0,02;;;;
6,014;-0,0150000000000001;;;;
6,016;-0,0249999999999999;;;;
6,018;-0,02;;;;
6,02;-0,0150000000000001;;;;
6,022;-0,02;;;;
6,024;-0,0150000000000001;;;;
6,026;-0,0150000000000001;;;;
6,028;-0,0150000000000001;;;;
6,03;-0,00999999999999979;;;;
6,032;-0,02;;;;
6,034;-0,0150000000000001;;;;
6,036;-0,0249999999999999;;;;
6,038;-0,02;;;;
6,04;-0,02;;;;
6,042;-0,02;;;;
6,044;-0,0150000000000001;;;;
6,046;-0,0150000000000001;;;;
6,048;-0,0150000000000001;;;;
6,05;-0,02;;;;
6,052;-0,02;;;;
6,054;-0,00999999999999979;;;;
6,056;-0,0249999999999999;;;;
6,058;-0,0150000000000001;;;;
6,06;-0,02;;;;
6,062;-0,0150000000000001;;;;
6,064;-0,02;;;;
6,066;-0,00999999999999979;;;;
6,068;-0,00999999999999979;;;;
6,07;-0,02;;;;
6,072;-0,0150000000000001;;;;
6,074;-0,02;;;;
6,076;-0,0249999999999999;;;;
6,078;-0,00999999999999979;;;;
6,08;-0,02;;;;
6,082;-0,0150000000000001;;;;
6,084;-0,02;;;;
6,086;-0,00999999999999979;;;;
6,088;-0,02;;;;
6,09;-0,02;;;;
6,092;-0,0150000000000001;;;;
6,094;-0,02;;;;
6,096;-0,02;;;;
6,098;-0,0249999999999999;;;;
6,1;-0,0150000000000001;;;;
6,102;-0,00999999999999979;;;;
6,104;-0,02;;;;
6,106;-0,00999999999999979;;;;
6,108;-0,02;;;;
6,11;-0,0150000000000001;;;;
6,112;-0,02;;;;
6,114;-0,02;;;;
6,116;-0,02;;;;
6,118;-0,02;;;;
6,12;-0,0150000000000001;;;;
6,122;-0,02;;;;
6,124;-0,0150000000000001;;;;
6,126;-0,00499999999999989;;;;
6,128;-0,02;;;;
6,13;-0,0150000000000001;;;;
6,132;-0,02;;;;
6,134;-0,02;;;;
6,136;-0,02;;;;
6,138;-0,02;;;;
6,14;-0,0150000000000001;;;;
6,142;-0,02;;;;
6,144;-0,0150000000000001;;;;
6,146;-0,0150000000000001;;;;
6,148;-0,0150000000000001;;;;
6,15;-0,00999999999999979;;;;
6,152;-0,02;;;;
6,154;-0,0150000000000001;;;;
6,156;-0,0249999999999999;;;;
6,158;-0,02;;;;
6,16;-0,00999999999999979;;;;
6,162;-0,02;;;;
6,164;-0,0150000000000001;;;;
6,166;-0,0150000000000001;;;;
6,168;-0,0150000000000001;;;;
6,17;-0,02;;;;
6,172;-0,0150000000000001;;;;
6,174;-0,0150000000000001;;;;
6,176;-0,0249999999999999;;;;
6,178;-0,02;;;;
6,18;-0,02;;;;
6,182;-0,02;;;;
6,184;-0,00999999999999979;;;;
6,186;-0,00999999999999979;;;;
6,188;-0,00999999999999979;;;;
6,19;-0,02;;;;
6,192;-0,0150000000000001;;;;
6,194;-0,02;;;;
6,196;-0,0249999999999999;;;;
6,198;-0,02;;;;
6,2;-0,02;;;;
6,202;-0,0150000000000001;;;;
6,204;-0,02;;;;
6,206;-0,00999999999999979;;;;
6,208;-0,00999999999999979;;;;
6,21;-0,02;;;;
6,212;-0,0150000000000001;;;;
6,214;-0,02;;;;
6,216;-0,0249999999999999;;;;
6,218;-0,0150000000000001;;;;
6,22;-0,02;;;;
6,222;-0,00999999999999979;;;;
6,224;-0,02;;;;
6,226;-0,00999999999999979;;;;
6,228;-0,0150000000000001;;;;
6,23;-0,02;;;;
6,232;-0,0150000000000001;;;;
6,234;-0,02;;;;
6,236;-0,02;;;;
6,238;-0,0249999999999999;;;;
6,24;-0,0150000000000001;;;;
6,242;-0,00999999999999979;;;;
6,244;-0,02;;;;
6,246;-0,00999999999999979;;;;
6,248;-0,0150000000000001;;;;
6,25;-0,0150000000000001;;;;
6,252;-0,0150000000000001;;;;
6,254;-0,02;;;;
6,256;-0,02;;;;
6,258;-0,0249999999999999;;;;
6,26;-0,0150000000000001;;;;
6,262;-0,02;;;;
6,264;-0,0150000000000001;;;;
6,266;-0,00499999999999989;;;;
6,268;-0,0150000000000001;;;;
6,27;-0,0150000000000001;;;;
6,272;-0,02;;;;
6,274;-0,02;;;;
6,276;-0,0249999999999999;;;;
6,278;-0,02;;;;
6,28;-0,0150000000000001;;;;
6,282;-0,02;;;;
6,284;-0,0150000000000001;;;;
6,286;-0,0150000000000001;;;;
6,288;-0,0150000000000001;;;;
6,29;-0,0150000000000001;;;;
6,292;-0,02;;;;
6,294;-0,0150000000000001;;;;
6,296;-0,0249999999999999;;;;
6,298;-0,02;;;;
6,3;-0,02;;;;
6,302;-0,0150000000000001;;;;
6,304;-0,0150000000000001;;;;
6,306;-0,0150000000000001;;;;
6,308;-0,0150000000000001;;;;
6,31;-0,02;;;;
6,312;-0,02;;;;
6,314;-0,0150000000000001;;;;
6,316;-0,0249999999999999;;;;
6,318;-0,0150000000000001;;;;
6,32;-0,02;;;;
6,322;-0,0150000000000001;;;;
6,324;-0,02;;;;
6,326;-0,00999999999999979;;;;
6,328;-0,00999999999999979;;;;
6,33;-0,02;;;;
6,332;-0,0150000000000001;;;;
6,334;-0,02;;;;
6,336;-0,0249999999999999;;;;
6,338;-0,0150000000000001;;;;
6,34;-0,02;;;;
6,342;-0,0150000000000001;;;;
6,344;-0,02;;;;
6,346;-0,00999999999999979;;;;
6,348;-0,02;;;;
6,35;-0,02;;;;
6,352;-0,0150000000000001;;;;
6,354;-0,02;;;;
6,356;-0,0249999999999999;;;;
6,358;-0,0249999999999999;;;;
6,36;-0,02;;;;
6,362;-0,00999999999999979;;;;
6,364;-0,02;;;;
6,366;-0,00499999999999989;;;;
6,368;-0,02;;;;
6,37;-0,0150000000000001;;;;
6,372;-0,0150000000000001;;;;
6,374;-0,0150000000000001;;;;
6,376;-0,0249999999999999;;;;
6,378;-0,0249999999999999;;;;
6,38;-0,0150000000000001;;;;
6,382;-0,02;;;;
6,384;-0,02;;;;
6,386;-0,00499999999999989;;;;
6,388;-0,0150000000000001;;;;
6,39;-0,0150000000000001;;;;
6,392;-0,02;;;;
6,394;-0,0150000000000001;;;;
6,396;-0,02;;;;
6,398;-0,02;;;;
6,4;-0,00999999999999979;;;;
6,402;-0,02;;;;
6,404;-0,0150000000000001;;;;
6,406;-0,0150000000000001;;;;
6,408;-0,0150000000000001;;;;
6,41;-0,00999999999999979;;;;
6,412;-0,02;;;;
6,414;-0,0150000000000001;;;;
6,416;-0,0249999999999999;;;;
6,418;-0,02;;;;
6,42;-0,00999999999999979;;;;
6,422;-0,02;;;;
6,424;-0,0150000000000001;;;;
6,426;-0,0150000000000001;;;;
6,428;-0,00999999999999979;;;;
6,43;-0,02;;;;
6,432;-0,02;;;;
6,434;-0,00999999999999979;;;;
6,436;-0,0249999999999999;;;;
6,438;-0,02;;;;
6,44;-0,02;;;;
6,442;-0,0150000000000001;;;;
6,444;-0,00999999999999979;;;;
6,446;-0,00999999999999979;;;;
6,448;-0,00999999999999979;;;;
6,45;-0,02;;;;
6,452;-0,0150000000000001;;;;
6,454;-0,02;;;;
6,456;-0,0249999999999999;;;;
6,458;-0,0150000000000001;;;;
6,46;-0,02;;;;
6,462;-0,0150000000000001;;;;
6,464;-0,02;;;;
6,466;-0,00999999999999979;;;;
6,468;-0,00999999999999979;;;;
6,47;-0,02;;;;
6,472;-0,0150000000000001;;;;
6,474;-0,02;;;;
6,476;-0,0249999999999999;;;;
6,478;-0,0150000000000001;;;;
6,48;-0,0150000000000001;;;;
6,482;-0,0150000000000001;;;;
6,484;-0,02;;;;
6,486;-0,00999999999999979;;;;
6,488;-0,02;;;;
6,49;-0,02;;;;
6,492;-0,0150000000000001;;;;
6,494;-0,02;;;;
6,496;-0,0249999999999999;;;;
6,498;-0,02;;;;
6,5;-0,0150000000000001;;;;
6,502;-0,0150000000000001;;;;
6,504;-0,02;;;;
6,506;-0,00999999999999979;;;;
6,508;-0,02;;;;
6,51;-0,02;;;;
6,512;-0,00999999999999979;;;;
6,514;-0,02;;;;
6,516;-0,02;;;;
6,518;-0,0249999999999999;;;;
6,52;-0,0150000000000001;;;;
6,522;-0,02;;;;
6,524;-0,02;;;;
6,526;-0,00499999999999989;;;;
6,528;-0,0150000000000001;;;;
6,53;-0,0150000000000001;;;;
6,532;-0,02;;;;
6,534;-0,02;;;;
6,536;-0,02;;;;
6,538;-0,0249999999999999;;;;
6,54;-0,0150000000000001;;;;
6,542;-0,02;;;;
6,544;-0,0150000000000001;;;;
6,546;-0,00499999999999989;;;;
6,548;-0,0150000000000001;;;;
6,55;-0,0150000000000001;;;;
6,552;-0,02;;;;
6,554;-0,0150000000000001;;;;
6,556;-0,0300000000000002;;;;
6,558;-0,02;;;;
6,56;-0,0150000000000001;;;;
6,562;-0,02;;;;
6,564;-0,0150000000000001;;;;
6,566;-0,0150000000000001;;;;
6,568;-0,0150000000000001;;;;
6,57;-0,0150000000000001;;;;
6,572;-0,02;;;;
6,574;-0,0150000000000001;;;;
6,576;-0,0249999999999999;;;;
6,578;-0,02;;;;
6,58;-0,02;;;;
6,582;-0,02;;;;
6,584;-0,00999999999999979;;;;
6,586;-0,0150000000000001;;;;
6,588;-0,00999999999999979;;;;
6,59;-0,02;;;;
6,592;-0,0150000000000001;;;;
6,594;-0,00999999999999979;;;;
6,596;-0,0249999999999999;;;;
6,598;-0,02;;;;
6,6;-0,02;;;;
6,602;-0,0150000000000001;;;;
6,604;-0,00999999999999979;;;;
6,606;-0,00999999999999979;;;;
6,608;-0,00999999999999979;;;;
6,61;-0,02;;;;
6,612;-0,0150000000000001;;;;
6,614;-0,02;;;;
6,616;-0,0249999999999999;;;;
6,618;-0,0150000000000001;;;;
6,62;-0,02;;;;
6,622;-0,0150000000000001;;;;
6,624;-0,02;;;;
6,626;-0,00999999999999979;;;;
6,628;-0,00999999999999979;;;;
6,63;-0,02;;;;
6,632;-0,0150000000000001;;;;
6,634;-0,02;;;;
6,636;-0,0249999999999999;;;;
6,638;-0,0249999999999999;;;;
6,64;-0,02;;;;
6,642;-0,0150000000000001;;;;
6,644;-0,02;;;;
6,646;-0,00999999999999979;;;;
6,648;-0,0150000000000001;;;;
6,65;-0,02;;;;
6,652;-0,0150000000000001;;;;
6,654;-0,02;;;;
6,656;-0,02;;;;
6,658;-0,02;;;;
6,66;-0,0150000000000001;;;;
6,662;-0,02;;;;
6,664;-0,02;;;;
6,666;-0,00499999999999989;;;;
6,668;-0,0150000000000001;;;;
6,67;-0,0150000000000001;;;;
6,672;-0,02;;;;
6,674;-0,0150000000000001;;;;
6,676;-0,02;;;;
6,678;-0,02;;;;
6,68;-0,0150000000000001;;;;
6,682;-0,02;;;;
6,684;-0,0150000000000001;;;;
6,686;-0,0150000000000001;;;;
6,688;-0,0150000000000001;;;;
6,69;-0,0150000000000001;;;;
6,692;-0,02;;;;
6,694;-0,0150000000000001;;;;
6,696;-0,0300000000000002;;;;
6,698;-0,02;;;;
6,7;-0,00999999999999979;;;;
6,702;-0,02;;;;
6,704;-0,0150000000000001;;;;
6,706;-0,0150000000000001;;;;
6,708;-0,0150000000000001;;;;
6,71;-0,02;;;;
6,712;-0,02;;;;
6,714;-0,0150000000000001;;;;
6,716;-0,0249999999999999;;;;
6,718;-0,02;;;;
6,72;-0,02;;;;
6,722;-0,0150000000000001;;;;
6,724;-0,02;;;;
6,726;-0,00999999999999979;;;;
6,728;-0,00999999999999979;;;;
6,73;-0,02;;;;
6,732;-0,0150000000000001;;;;
6,734;-0,02;;;;
6,736;-0,0249999999999999;;;;
6,738;-0,0150000000000001;;;;
6,74;-0,02;;;;
6,742;-0,0150000000000001;;;;
6,744;-0,02;;;;
6,746;-0,00999999999999979;;;;
6,748;-0,02;;;;
6,75;-0,02;;;;
6,752;-0,0150000000000001;;;;
6,754;-0,02;;;;
6,756;-0,0249999999999999;;;;
6,758;-0,02;;;;
6,76;-0,02;;;;
6,762;-0,0150000000000001;;;;
6,764;-0,02;;;;
6,766;-0,00999999999999979;;;;
6,768;-0,0150000000000001;;;;
6,77;-0,0150000000000001;;;;
6,772;-0,00999999999999979;;;;
6,774;-0,02;;;;
6,776;-0,02;;;;
6,778;-0,02;;;;
6,78;-0,0150000000000001;;;;
6,782;-0,02;;;;
6,784;-0,02;;;;
6,786;-0,00499999999999989;;;;
6,788;-0,0150000000000001;;;;
6,79;-0,0150000000000001;;;;
6,792;-0,02;;;;
6,794;-0,0150000000000001;;;;
6,796;-0,02;;;;
6,798;-0,02;;;;
6,8;-0,0150000000000001;;;;
6,802;-0,02;;;;
6,804;-0,0150000000000001;;;;
6,806;-0,0150000000000001;;;;
6,808;-0,0150000000000001;;;;
6,81;-0,0150000000000001;;;;
6,812;-0,02;;;;
6,814;-0,0150000000000001;;;;
6,816;-0,0249999999999999;;;;
6,818;-0,02;;;;
6,82;-0,00999999999999979;;;;
6,822;-0,02;;;;
6,824;-0,00999999999999979;;;;
6,826;-0,0150000000000001;;;;
6,828;-0,00999999999999979;;;;
6,83;-0,00999999999999979;;;;
6,832;-0,02;;;;
6,834;-0,0150000000000001;;;;
6,836;-0,0300000000000002;;;;
6,838;-0,02;;;;
6,84;-0,02;;;;
6,842;-0,02;;;;
6,844;-0,00999999999999979;;;;
6,846;-0,00999999999999979;;;;
6,848;-0,00999999999999979;;;;
6,85;-0,02;;;;
6,852;-0,02;;;;
6,854;-0,0150000000000001;;;;
6,856;-0,0249999999999999;;;;
6,858;-0,0150000000000001;;;;
6,86;-0,02;;;;
6,862;-0,0150000000000001;;;;
6,864;-0,02;;;;
6,866;-0,00999999999999979;;;;
6,868;-0,00999999999999979;;;;
6,87;-0,0249999999999999;;;;
6,872;-0,0150000000000001;;;;
6,874;-0,02;;;;
6,876;-0,0249999999999999;;;;
6,878;-0,0150000000000001;;;;
6,88;-0,02;;;;
6,882;-0,0150000000000001;;;;
6,884;-0,02;;;;
6,886;-0,00999999999999979;;;;
6,888;-0,00999999999999979;;;;
6,89;-0,02;;;;
6,892;-0,0150000000000001;;;;
6,894;-0,02;;;;
6,896;-0,0249999999999999;;;;
6,898;-0,0249999999999999;;;;
6,9;-0,0150000000000001;;;;
6,902;-0,00999999999999979;;;;
6,904;-0,02;;;;
6,906;-0,00999999999999979;;;;
6,908;-0,02;;;;
6,91;-0,0150000000000001;;;;
6,912;-0,0150000000000001;;;;
6,914;-0,02;;;;
6,916;-0,02;;;;
6,918;-0,0249999999999999;;;;
6,92;-0,0150000000000001;;;;
6,922;-0,02;;;;
6,924;-0,02;;;;
6,926;-0,00999999999999979;;;;
6,928;-0,02;;;;
6,93;-0,0150000000000001;;;;
6,932;-0,02;;;;
6,934;-0,02;;;;
6,936;-0,02;;;;
6,938;-0,0249999999999999;;;;
6,94;-0,0150000000000001;;;;
6,942;-0,02;;;;
6,944;-0,0150000000000001;;;;
6,946;-0,00499999999999989;;;;
6,948;-0,0150000000000001;;;;
6,95;-0,0150000000000001;;;;
6,952;-0,02;;;;
6,954;-0,0150000000000001;;;;
6,956;-0,0249999999999999;;;;
6,958;-0,02;;;;
6,96;-0,0150000000000001;;;;
6,962;-0,02;;;;
6,964;-0,0150000000000001;;;;
6,966;-0,0150000000000001;;;;
6,968;-0,0150000000000001;;;;
6,97;-0,0150000000000001;;;;
6,972;-0,02;;;;
6,974;-0,0150000000000001;;;;
6,976;-0,0249999999999999;;;;
6,978;-0,02;;;;
6,98;-0,02;;;;
6,982;-0,0150000000000001;;;;
6,984;-0,0150000000000001;;;;
6,986;-0,0150000000000001;;;;
6,988;-0,0150000000000001;;;;
6,99;-0,02;;;;
6,992;-0,02;;;;
6,994;-0,0150000000000001;;;;
6,996;-0,0249999999999999;;;;
6,998;-0,0150000000000001;;;;
7;-0,02;;;;
7,002;-0,0150000000000001;;;;
7,004;-0,02;;;;
7,006;-0,00999999999999979;;;;
7,008;-0,00999999999999979;;;;
7,01;-0,02;;;;
7,012;-0,0150000000000001;;;;
7,014;-0,02;;;;
7,016;-0,0249999999999999;;;;
7,018;-0,0150000000000001;;;;
7,02;-0,02;;;;
7,022;-0,0150000000000001;;;;
7,024;-0,02;;;;
7,026;-0,00999999999999979;;;;
7,028;-0,00999999999999979;;;;
7,03;-0,02;;;;
7,032;-0,0150000000000001;;;;
